SMILES,True_pKa,Pred_pKa,Is_Dissociable,Is_Valid
OC(=O)CCCC(O)=O,4.980000019073486,8.790690422058105,True,True
Cc1ccc(C)c(C)n1,7.440000057220459,9.605533599853516,True,True
Nc1ncnc2n(cnc12)[C@@H]3O[C@H](CO[P](O)(=O)O[P](O)(=O)O[P](O)(=O)O[P](O)(O)=O)[C@@H](O)[C@H]3O,7.25,8.790690422058105,True,True
Nc1ncnc2n(cnc12)C3OC(CO[P](O)(=O)O[P](O)(=O)O[P](O)(O)=O)C(O)C3O,3.9100000858306885,8.790690422058105,True,True
OCCCCCc1cccnc1,5.71999979019165,9.605533599853516,True,True
Cc1cccnn1,3.359999895095825,8.790690422058105,True,True
CN1CCN(C)CCN(C)CC(C)(C)CN(C)CC1,7.949999809265137,9.605533599853516,True,True
OC[C@H]1O[C@H]([C@H](O)[C@@H]1O)n2cnc3c(O)ncnc23,8.960000038146973,8.790690422058105,True,True
O[P](O)(O)=O,6.440000057220459,7.371727561950683,True,True
OC1=CC=CC=CC1=O,6.699999809265137,8.790690422058105,True,True
Nc1ncnc2n(cnc12)C3OC(CO[P](O)(=O)O[P](O)(O)=O)C(O)C3O,1.7999999523162842,8.790690422058105,True,True
CC1=CN([C@H]2C[C@H](O)[C@@H](CO)O2)C(=O)NC1=O,10.140000343322754,9.605533599853516,True,True
O[P](O)(=O)O[P](O)(=O)O[P](O)(O)=O,2.369999885559082,6.208476396707388,True,True
OC(=O)c1ccc2ccccc2n1,4.670000076293945,9.605533599853516,True,True
O[P](O)(=O)Oc1cccc2ccccc12,5.570000171661377,7.371727561950683,True,True
Cc1cc(C)c(CN)c(N)n1,6.599999904632568,9.605533599853516,True,True
CN(C)C(=S)C(N)=S,10.5600004196167,9.605533599853516,True,True
OC(=O)CN(CC(O)=O)c1cc(C(O)=O)c(O)cc1C(O)=O,2.200000047683716,9.605533599853516,True,True
Cc1ccc(N(CC(O)=O)CC(O)=O)c(c1)N(CC(O)=O)CC(O)=O,3.509999990463257,8.790690422058105,True,True
NCC(=O)NC(CO[P](O)(O)=O)C(O)=O,8.420000076293945,7.371727561950683,True,True
NC1=NC(=O)c2ncn(C3OC(CO[P](O)(=O)O[P](O)(=O)O[P](O)(O)=O)C(O)C3O)c2N1,6.409999847412109,8.790690422058105,True,True
O[P](O)(=O)CCCCCCCCCC[P](O)(O)=O,3.2699999809265137,6.702842533588409,True,True
COCCCN(CC(O)=O)CC(O)=O,10.020000457763672,9.605533599853516,True,True
OC(=O)[C@H](Cc1c[nH]cn1)NC(=O)[C@@H]2CCC(=O)N2,2.700000047683716,9.605533599853516,True,True
OC(=O)CCC(O)=O,5.079999923706055,8.790690422058105,True,True
OCCN1CCN(CCC[S](O)(=O)=O)CC1,7.776000022888184,9.605533599853516,True,True
COC(=O)[C@H](Cc1c[nH]cn1)NC(=O)CNC(=O)CNC(=O)[C@H](C)N,8.050000190734863,9.605533599853516,True,True
CNCc1ccccn1,8.90999984741211,9.605533599853516,True,True
Oc1ccc(c2cccnc12)[S](O)(=O)=O,8.15999984741211,9.605533599853516,True,True
OC(=O)CN(CC(O)=O)c1ccccc1,4.980000019073486,9.605533599853516,True,True
O[P](O)(=O)CCC[P](O)(O)=O,2.5999999046325684,6.884198188781738,True,True
OC[C@H]1O[C@H](O[P](O)(O)=O)[C@H](O)[C@@H](O)[C@@H]1O,5.829999923706055,7.685350799560547,True,True
N[C@H](Cc1c[nH]cn1)C(=O)N[C@@H](Cc2c[nH]cn2)C(O)=O,2.109999895095825,9.847148895263672,True,True
CC(O)([P](O)(O)=O)[P](O)(O)=O,1.7999999523162842,6.884198188781738,True,True
OC(=O)c1cc(cc(c1O)[N+]([O-])=O)[N+]([O-])=O,0.30000001192092896,9.847148895263672,True,True
NC(=O)Cc1cccnc1,4.71999979019165,9.847148895263672,True,True
Nc1ncccn1,3.890000104904175,9.847148895263672,True,True
CC(=NO)C(CN(CC(O)=O)CC(O)=O)=NO,8.229999542236328,9.847148895263672,True,True
C1CN2CCN1CC2,8.819999694824219,9.540046691894531,True,True
Cc1ccc(cc1N(CC(O)=O)CC(O)=O)N(CC(O)=O)CC(O)=O,6.579999923706055,9.540046691894531,True,True
CCN(CC)C(=O)CCN,9.4399995803833,9.847148895263672,True,True
CC(C)c1cccc(C(C)C)c1NC(=O)CN(CC(O)=O)CC(O)=O,2.200000047683716,9.847148895263672,True,True
O[P](O)(=O)C1CCCCC1,8.170000076293945,8.074601173400879,True,True
Oc1ccc(cc1)[P](O)(O)=O,2.0,8.074601173400879,True,True
OCCc1cn(C=C)cn1,6.050000190734863,9.847148895263672,True,True
OC#N,3.4800000190734863,9.847148895263672,True,True
OC(=O)c1ccccc1O,2.799999952316284,9.540046691894531,True,True
NCC(=O)NCC(=O)N1CCC[C@H]1C(=O)NCC(O)=O,3.1700000762939453,9.847148895263672,True,True
Cc1cc2cccnc2c3ncccc13,5.269999980926514,9.540046691894531,True,True
OC(Cc1c[nH]cn1)C(O)=O,3.0,9.847148895263672,True,True
NCCN1CCNCC1,8.4399995803833,9.847148895263672,True,True
FC(F)(F)C(=O)CC(=O)c1occc1,6.179999828338623,8.69887892405192,True,True
Cc1ccncc1,6.050000190734863,9.847148895263672,True,True
NCC(O)=O,9.40999984741211,9.540046691894531,True,True
Oc1c(cc(c2cccnc12)[S](O)(=O)=O)[N+]([O-])=O,5.159999847412109,9.847148895263672,True,True
Oc1ccc(cc1O)[N+]([O-])=O,11.210000038146973,9.847148895263672,True,True
Cc1cnc2c(c1)c(C)c(C)c3cc(C)cnc23,5.800000190734863,9.540046691894531,True,True
CC([P](O)(O)=O)[P](O)(O)=O,12.0,6.884198188781738,True,True
OC(=O)CN(CC(O)=O)c1ccc(O)cc1,5.190000057220459,9.662338256835938,True,True
OCCNc1cc(C(O)=O)c(cc1C(O)=O)N(CCO)CCO,8.289999961853027,9.662338256835938,True,True
O[P](O)(=O)Oc1ccccc1,0.8999999761581421,7.451526355743408,True,True
O[P](O)(=O)O[P](O)(O)=O,7.489999771118164,6.585956732432048,True,True
CC(=O)Nc1ccccn1,4.150000095367432,9.662338256835938,True,True
N[C@@H](CCC(O)=O)C(O)=O,4.539999961853027,8.40183957417806,True,True
OC(=O)CCc1cccnc1,5.760000228881836,9.662338256835938,True,True
C(c1ccccc1)c2ccccn2,5.130000114440918,9.662338256835938,True,True
C[C@H](N)C(O)=O,2.3259999752044678,9.134269714355469,True,True
CN1C=CC(=O)C(=C1C)O,3.7300000190734863,9.134269714355469,True,True
Cc1ccccn1,5.960000038146973,9.662338256835938,True,True
NCCCN1CCCN(CCCN)CC1,10.050000190734863,9.662338256835938,True,True
CC(C)([P](O)(O)=O)[P](O)(O)=O,7.78000020980835,6.7302855253219604,True,True
SCCN1CCN(CCS)CCN(CCS)CC1,8.260000228881836,9.662338256835938,True,True
Oc1cccnc1C=O,3.4000000953674316,9.662338256835938,True,True
CC(C)[N+]([O-])=O,7.699999809265137,9.662338256835938,True,True
OCCN1CCN(CC1)CC[S](O)(=O)=O,7.564000129699707,9.662338256835938,True,True
O[P](O)(=O)CCCCCC[P](O)(O)=O,3.069999933242798,6.7302855253219604,True,True
OCC(O)CO[P](O)(O)=O,6.070000171661377,7.451526355743408,True,True
COc1ccncc1,6.46999979019165,9.662338256835938,True,True
O[P](O)(=O)O[P](O)(=O)O[P](O)(=O)O[P](O)(O)=O,5.079999923706055,6.0291927281548,True,True
N[C@@H](CCCNC(N)=N)C(=O)N1CCC[C@H]1C(=O)NCC(=O)N2CCC[C@H]2C(=O)NCC(O)=O,7.46999979019165,9.662338256835938,True,True
Oc1cccc2cccnc12,9.579999923706055,9.134269714355469,True,True
SC([S-])=S,2.680000066757202,9.218259811401367,True,True
N(c1ccccn1)c2ccccn2,7.03000020980835,9.010019302368164,True,True
O[P](O)(=O)C(=O)[P](O)(O)=O,8.420000076293945,6.795806288719177,True,True
NCC(=O)N[C@@H](Cc1c[nH]cn1)C(=O)NCC(=O)N[C@@H](Cc2c[nH]cn2)C(O)=O,8.0,9.218259811401367,True,True
OCc1ccccn1,4.900000095367432,9.218259811401367,True,True
Cc1ccc(cc1)[P](O)(O)=O,2.0,7.92260217666626,True,True
NC1=NC(=O)N(C=C1)C2OC(CO[P](O)(=O)O[P](O)(=O)O[P](O)(O)=O)C(O)C2O,7.650000095367432,6.264865691845234,True,True
Nc1n[nH]cn1,10.449999809265137,9.218259811401367,True,True
Oc1ccccc1[As](O)(O)=O,13.300000190734863,9.218259811401367,True,True
Oc1ccccc1[N+]([O-])=O,7.423999786376953,9.218259811401367,True,True
C(c1[nH]ccn1)c2[nH]ccn2,4.380000114440918,9.218259811401367,True,True
OC(=O)CC[P](O)(O)=O,2.259999990463257,7.92260217666626,True,True
Oc1c2ccccc2ccc1[N+]([O-])=O,5.659999847412109,9.218259811401367,True,True
NC(=O)Cc1ccccn1,4.340000152587891,9.218259811401367,True,True
CC(C[P](O)(O)=O)[P](O)(O)=O,2.5999999046325684,6.795806288719177,True,True
Cc1cc(ccc1N(CC(O)=O)CC(O)=O)N(CC(O)=O)CC(O)=O,7.099999904632568,9.010019302368164,True,True
Cn1ccnc1,7.309999942779541,9.218259811401367,True,True
C[S](=O)(=O)NCc1ccccn1,11.220000267028809,9.218259811401367,True,True
NCCCN1CCCNCCCNCCC1,5.989999771118164,9.218259811401367,True,True
OC(=O)C(=C)O[P](O)(O)=O,6.139999866485596,7.540364360809326,True,True
C[C@H](N)C(=O)NCC(=O)N1CCC[C@H]1C(=O)N[C@@H](Cc2c[nH]cn2)C(O)=O,6.800000190734863,9.218259811401367,True,True
Oc1c(I)cc(I)c2cccnc12,8.0,9.010019302368164,True,True
CN1CCCN(C)CCNCCCNCC1,9.75,9.218259811401367,True,True
CN1CCCC1,10.460000038146973,9.218259811401367,True,True
CC(C)(C)NCC(O)COc1ccccc1c2ccc(NN)nn2,9.239999771118164,9.218259811401367,True,True
OC(=O)c1ccccn1,5.289999961853027,10.151472091674805,True,True
ON=Cc1cccc(C=NO)n1,2.180000066757202,10.151472091674805,True,True
C[C@H](N)C(=O)N1CCC[C@H]1C(=O)N[C@@H](C)C(=O)N[C@@H](C)C(O)=O,3.309999942779541,10.151472091674805,True,True
OC(=O)CN(CC(O)=O)C1C(=O)NC(=O)NC1=O,3.0999999046325684,10.151472091674805,True,True
COC(=O)c1ccc2cccc(O)c2n1,9.140000343322754,10.151472091674805,True,True
OC(=O)CCc1ccncc1,3.75,10.151472091674805,True,True
OC(=O)c1cccc2cccnc12,6.590000152587891,9.456524848937988,True,True
OC(=O)C[P](O)(O)=O,7.809999942779541,8.116238236427307,True,True
OC(=O)CN(CC(O)=O)c1ccccc1N(CC(O)=O)CC(O)=O,3.5299999713897705,9.456524848937988,True,True
O[P](O)(=O)CI,1.2999999523162842,8.116238236427307,True,True
[Na+].[Na+].[Na+].Cc1cc(cc(C([O-])=O)c1O)C(=C/2C=C(C)C(=O)C(=C2)C([O-])=O)\c3ccccc3[S]([O-])(=O)=O,5.46999979019165,9.456524848937988,True,True
Cc1cccc(C=NO)n1,9.9399995803833,10.151472091674805,True,True
Oc1cnccc1C=O,4.039999961853027,9.456524848937988,True,True
O[P](O)(=O)Oc1ccc2ccccc2c1,5.550000190734863,7.66920804977417,True,True
NC1=NC(=O)N(C=C1)[C@@H]2O[C@H](CO)[C@@H](O)[C@H]2O,4.079999923706055,10.151472091674805,True,True
O=C1CC(=O)NCCN(CCCN(CCN1)CCC#N)CCC#N,5.940000057220459,10.151472091674805,True,True
O[P](O)(=O)CC[P](O)(O)=O,9.079999923706055,6.8795589208602905,True,True
OC([P](O)(O)=O)[P](O)(O)=O,7.050000190734863,6.8795589208602905,True,True
COCc1cc(C)c(CN)c(N)n1,8.960000038146973,10.151472091674805,True,True
CCOC(=O)CNC(=O)CNC(=O)[C@H](Cc1c[nH]cn1)NC(=O)CNC(=O)CN,7.360000133514404,10.151472091674805,True,True
CN1CCCN2CCN(C)CCN(CCC1)CCN(C)CC2,11.829999923706055,10.151472091674805,True,True
OCCN(CCC(O)=O)CCC(O)=O,8.90999984741211,10.151472091674805,True,True
OP(O)O,6.0,10.151472091674805,True,True
[nH]1cncn1,10.0,10.151472091674805,True,True
Cc1cccc(C)c1NC(=O)CN(CC(O)=O)CC(O)=O,2.1600000858306885,9.596020698547363,True,True
Cc1cscn1,3.130000114440918,9.596020698547363,True,True
OC(=O)CN(CC(O)=O)c1cccc(c1)N(CC(O)=O)CC(O)=O,2.0,8.768975734710693,True,True
NCC(=O)N[C@@H](Cc1c[nH]cn1)C(=O)NCC(O)=O,3.569999933242798,9.596020698547363,True,True
NC(=O)CCCc1ccncc1,5.639999866485596,9.596020698547363,True,True
ON=Cc1ccccn1,3.869999885559082,9.596020698547363,True,True
OC(=O)c1ccccc1C(O)=O,2.759999990463257,8.768975734710693,True,True
[OH-],13.930000305175781,9.596020698547363,True,True
NCC(=O)N[C@@H](Cc1c[nH]cn1)C(O)=O,8.140000343322754,9.596020698547363,True,True
OC(=O)[C@H](Cc1c[nH]cn1)NC(=O)CCS,9.859999656677246,9.596020698547363,True,True
s1cccc1c2cccnc2,4.409999847412109,9.596020698547363,True,True
O[P](O)(=O)CCCC[P](O)(O)=O,8.380000114440918,6.6698578000068665,True,True
Oc1cccc(c1)[P](O)(O)=O,7.239999771118164,7.673414349555969,True,True
Cc1ccc2cccc(O)c2n1,5.650000095367432,9.606249809265137,True,True
O[As](O)(=O)c1ccccc1,3.390000104904175,9.606249809265137,True,True
OC(=O)CN(CCS)CC(O)=O,8.170000076293945,9.606249809265137,True,True
NCCCSCc1ccccn1,4.460000038146973,9.606249809265137,True,True
O[P](O)(=O)C1(CCC(=O)N1)[P](O)(O)=O,2.25,6.765239655971527,True,True
CN(C)c1cccnc1,6.519999980926514,9.606249809265137,True,True
CC(=O)c1cccnc1,3.2799999713897705,9.606249809265137,True,True
Cc1cc(Br)cc(C)n1,5.409999847412109,9.606249809265137,True,True
Nc1cccc2cccnc12,3.950000047683716,9.606249809265137,True,True
CCN(CC)c1ccc(C)cc1,7.239999771118164,9.606249809265137,True,True
CN(C)c1ccncc1,1.0,9.606249809265137,True,True
Nc1ncnc2n(cnc12)[C@@H]3O[C@H](CO)[C@@H](O)[C@H]3O,3.680000066757202,9.273090839385986,True,True
COc1cccnc1,4.880000114440918,9.606249809265137,True,True
O[P](O)(=O)C[P](O)(O)=O,2.759999990463257,6.765239655971527,True,True
COc1ccccc1[P](O)(O)=O,7.900000095367432,7.91099214553833,True,True
FO[P](=O)(CC[P](=O)(OF)OF)OF,1.100000023841858,6.765239655971527,True,True
OC(=O)CC(O)=O,2.619999885559082,9.273090839385986,True,True
Cc1c(cccc1N(CC(O)=O)CC(O)=O)N(CC(O)=O)CC(O)=O,3.440000057220459,9.273090839385986,True,True
O[P](O)(=O)C(=C)[P](O)(O)=O,8.600000381469727,6.765239655971527,True,True
SC#N,0.8999999761581421,9.606249809265137,True,True
CCc1[nH]c2ccccc2n1,6.150000095367432,9.606249809265137,True,True
Cc1ccc(O)cn1,8.960000038146973,9.606249809265137,True,True
CCc1cccnc1,5.829999923706055,9.606249809265137,True,True
CC(=O)NCC(=O)NCC(=O)N[C@@H](Cc1c[nH]cn1)C(=O)NCC(O)=O,6.78000020980835,11.494922637939453,True,True
c1ccc(nc1)c2ccccn2,4.949999809265137,9.788342952728271,True,True
N[C@@H](Cc1c[nH]cn1)C(N)=O,7.630000114440918,11.494922637939453,True,True
NCCN1CCCNCC1,2.799999952316284,11.494922637939453,True,True
OC1C(O)C(OC1CO[P](O)(=O)O[P](O)(=O)O[P](O)(O)=O)n2cnc3C(=O)N=CNc23,7.010000228881836,6.381451203272893,True,True
OCCN(CCN(CC(O)=O)CC(O)=O)CC(O)=O,2.619999885559082,9.788342952728271,True,True
O=C1NCCNCCCNCCNC(=O)C1CCc2ccccn2,9.369999885559082,11.494922637939453,True,True
CC(=O)N(O)CCCOCC(C)(COCCCN(O)C(C)=O)COCCCN(O)C(C)=O,8.390000343322754,8.864409764607748,True,True
Nc1ccccc1[As](O)(O)=O,0.699999988079071,11.494922637939453,True,True
COc1cc(C)nc(C)c1,8.039999961853027,11.494922637939453,True,True
CC(C)C1=CC(=O)C(=CC=C1)O,6.71999979019165,9.788342952728271,True,True
CC[As](O)(O)=O,9.1899995803833,11.494922637939453,True,True
CC(=O)N(O)CCCCCNC(=O)CCC(=O)N(O)CCCCCNC(=O)CCC(=O)N(O)CCCCCN,9.550000190734863,8.864409764607748,True,True
CSCCc1ccccn1,5.329999923706055,11.494922637939453,True,True
OC(=O)c1cccc(n1)C(O)=O,5.090000152587891,11.494922637939453,True,True
N[C@@H](Cc1ccc(O)cc1)C(O)=O,2.240000009536743,9.788342952728271,True,True
CC(C)(C)[P](O)(O)=O,2.630000114440918,8.328799724578857,True,True
CNC(=O)[C@H](Cc1c[nH]cn1)NC(=O)[C@H](C)NC(=O)[C@@H](N)CC(O)=O,7.699999809265137,11.494922637939453,True,True
CSCC[C@H](NC(=O)[C@@H](N)Cc1c[nH]cn1)C(O)=O,7.5,11.494922637939453,True,True
CN1CCN(CC1)CCN(C)CCN2CCN(C)CC2,6.96999979019165,11.494922637939453,True,True
OC(=O)CN(CC(O)=O)CC(=O)c1ccccc1,1.100000023841858,9.59602165222168,True,True
Cc1cccc(CCO)n1,6.099999904632568,9.59602165222168,True,True
NCCc1cccc(CCN)n1,3.430000066757202,9.59602165222168,True,True
C(CSSCCNCc1c[nH]cn1)NCc2c[nH]cn2,3.890000104904175,8.768976211547852,True,True
Sc1cc(cc2cccnc12)c3ccccc3,1.899999976158142,9.59602165222168,True,True
c1ccc(cc1)c2cccnc2,4.809999942779541,9.59602165222168,True,True
COC(=O)C(O)Cc1c[nH]cn1,6.730000019073486,9.59602165222168,True,True
C#N,9.65999984741211,9.59602165222168,True,True
COCCN(CC(O)=O)CC(O)=O,2.180000066757202,9.59602165222168,True,True
CN(CCO)c1ccccc1C(O)=O,8.239999771118164,9.59602165222168,True,True
Nc1ccccn1,6.738999843597412,9.59602165222168,True,True
CCCCC[As](O)(O)=O,4.340000152587891,9.59602165222168,True,True
N[C@@H](CC(O)=O)C(O)=O,9.65999984741211,8.333511511484781,True,True
NNC(=O)c1ccncc1,1.899999976158142,10.400693893432617,True,True
C[C@H](N)C(=O)N[C@@H](C)C(=O)N[C@@H](C)C(=O)N1CCC[C@H]1C(O)=O,8.199999809265137,10.400693893432617,True,True
NC1=NC(=O)N(C=C1)C2OC(CO[P](O)(=O)O[P](O)(O)=O)C(O)C2O,6.389999866485596,6.623809973398845,True,True
OC(=O)CNc1cc(C(O)=O)c(cc1C(O)=O)N(CC(O)=O)CC(O)=O,1.7999999523162842,10.400693893432617,True,True
c1cncc(c1)c2ccncc2,4.849999904632568,9.188270330429077,True,True
OC(=O)CN(CC(O)=O)c1ccccc1[S](O)(=O)=O,3.4000000953674316,10.400693893432617,True,True
N[C@@H](CO[P](O)(O)=O)C(O)=O,2.130000114440918,7.472193050384521,True,True
OC(=O)CNC(=O)CNC(=O)CNC(=O)CN(CC(O)=O)CC(O)=O,6.340000152587891,10.400693893432617,True,True
N[C@@H](Cc1ccccc1)C(O)=O,2.180000066757202,9.188270330429077,True,True
CCCCO[P](O)(O)=O,6.71999979019165,7.472193050384521,True,True
CN(C)c1cc(nc(c1)C(O)=O)C(O)=O,1.5,10.400693893432617,True,True
OCC(CO)O[P](O)(O)=O,6.230000019073486,7.472193050384521,True,True
OC(=O)c1cccnc1C(O)=O,2.440000057220459,10.400693893432617,True,True
Oc1ccc(c(c1O)[N+]([O-])=O)[N+]([O-])=O,8.239999771118164,10.400693893432617,True,True
CCCn1ccnc1,7.21999979019165,10.400693893432617,True,True
Cc1[nH]c2ccccc2n1,6.519999980926514,9.550094604492188,True,True
Oc1ccccc1[P](O)(O)=O,1.7000000476837158,7.924744486808777,True,True
CN(C)c1ccc(cc1)N=Nc2ccccn2,4.5,9.550094604492188,True,True
CCN(CC)C(S)=S,3.1600000858306885,9.550094604492188,True,True
CN(CC(=O)NCC(O)=O)C(=O)CN,8.229999542236328,9.550094604492188,True,True
CCOC(=O)\C=C\C([O-])=O,3.3959999084472656,9.550094604492188,True,True
Oc1cccnc1,5.0,9.550094604492188,True,True
Oc1ccc(cc1)[N+]([O-])=O,6.840000152587891,9.550094604492188,True,True
Cc1cc(C)c(NC(=O)CN(CC(O)=O)CC(O)=O)c(C)c1,2.190000057220459,9.550094604492188,True,True
Cn1c(C)nc2cncnc12,3.359999895095825,9.243331909179688,True,True
OCc1cccnc1,4.900000095367432,9.550094604492188,True,True
OC(=O)CN(CCN(CC(O)=O)CC(O)=O)CC(O)=O,10.199999809265137,9.243331909179688,True,True
OC(=O)Cc1ccccc1[N+]([O-])=O,4.004000186920166,9.550094604492188,True,True
CC(C(O)=O)[P](O)(O)=O,1.7999999523162842,7.924744486808777,True,True
NNc1ccc(nn1)c2ccccc2,5.460000038146973,11.94336986541748,True,True
O[P](O)(=O)CCBr,6.900000095367432,8.524483323097229,True,True
OC(=O)CN=C[P](O)(=O)C=NCC(O)=O,9.0,9.265654881795248,True,True
NCCN1CCCNCCNCCNCCC1,1.899999976158142,11.94336986541748,True,True
OCC(O[P](O)(=O)O[P](O)(O)=O)C(O)=O,6.019999980926514,6.939872476789686,True,True
CN1N(C(=O)C=C1C)c2ccccc2,1.5,11.94336986541748,True,True
NCc1cccc(CN)n1,9.529999732971191,11.94336986541748,True,True
NCCCCc1cccnc1,5.519999980926514,11.94336986541748,True,True
CN(O)C(=O)CCOCC(C)(COCCC(=O)N(C)O)COCCC(=O)N(C)O,8.260000228881836,9.265654881795248,True,True
Oc1cccc(ON=O)c1,4.079999923706055,10.048547267913818,True,True
Oc1ccccc1C#N,6.860000133514404,11.94336986541748,True,True
OC(=O)CN(CCN[S](=O)(=O)c1ccccc1)CC(O)=O,2.0999999046325684,11.94336986541748,True,True
[Na+].CN(C)c1ccc(cc1)N=Nc2ccc(cc2)[S]([O-])(=O)=O,3.6019999980926514,11.94336986541748,True,True
COC(=O)c1ccncc1,3.259999990463257,11.94336986541748,True,True
ON=Cc1ccncc1,4.579999923706055,9.520010948181152,True,True
Cc1ccnc(C)c1,6.630000114440918,9.520010948181152,True,True
NCC(=O)N1CCC[C@H]1C(=O)NCC(=O)N2CCC[C@H]2C(=O)NCC(O)=O,8.359999656677246,9.520010948181152,True,True
Cc1ccc2c(ccc(O)c2n1)[S](O)(=O)=O,8.720000267028809,9.520010948181152,True,True
CN=C(NCCSCc1nc[nH]c1C)NC#N,6.650000095367432,9.520010948181152,True,True
CCSCc1ccccn1,4.71999979019165,9.520010948181152,True,True
CCCCO[P]([O-])(=O)OCCCC,1.0,7.840467166900635,True,True
OC(=O)CN(CC(O)=O)c1ccc(c2cc(cc(O)c12)[S](O)(=O)=O)[S](O)(=O)=O,3.869999885559082,9.520010948181152,True,True
Nc1ccc(cc1)[As](O)(O)=O,9.1899995803833,9.520010948181152,True,True
CNCc1cccc(C)n1,2.9200000762939453,9.520010948181152,True,True
C[As](C)(O)=O,1.7999999523162842,9.520010948181152,True,True
OCCN(CCO)c1cc(ccc1C(O)=O)C(O)=O,7.0,9.520010948181152,True,True
CO[P]([O-])(=O)O[P]([O-])(=O)O[P](O)(O)=O,6.449999809265137,6.38180424616887,True,True
OC(=O)[P](O)(O)=O,1.7000000476837158,8.348421454429626,True,True
CN(Cc1cc(CN(C)C(=O)c2cc(cc(O)c2O)[S](O)(=O)=O)cc(CN(C)C(=O)c3cc(cc(O)c3O)[S](O)(=O)=O)c1)C(=O)c4cc(cc(O)c4O)[S](O)(=O)=O,8.539999961853027,8.658127625783285,True,True
OC(=O)CN(CC(O)=O)c1c(O)cc(c2ccccc12)[S](O)(=O)=O,8.850000381469727,9.520010948181152,True,True
NCC(=O)NCC(=O)N[C@@H](Cc1c[nH]cn1)C(=O)NCC(=O)NCC(O)=O,7.420000076293945,9.520010948181152,True,True
Cc1cc(O)ccc1[N+]([O-])=O,7.408999919891357,9.520010948181152,True,True
Cc1ccc2cccc(S)c2n1,2.2200000286102295,9.520010948181152,True,True
OC(=O)CCc1ccccn1,3.640000104904175,9.520010948181152,True,True
OC1C(O)C(O)(CO[P](O)(O)=O)OC1CO[P](O)(O)=O,5.860000133514404,6.675334787368774,True,True
OC(=O)CN(CC(O)=O)c1cccc(O)c1,2.5399999618530273,9.520010948181152,True,True
N[C@H](CO)Cc1c[nH]cn1,5.849999904632568,10.678889274597168,True,True
OC(=O)c1c(O)cccc1[N+]([O-])=O,1.9900000095367432,10.678889274597168,True,True
O[P](O)(=O)c1ccccc1,7.46999979019165,8.098404884338379,True,True
NCCC[SeH],11.199999809265137,10.678889274597168,True,True
Sc1[nH]ccn1,11.210000038146973,10.678889274597168,True,True
NCCCCCc1ccccn1,5.699999809265137,10.678889274597168,True,True
NCCN1CCCN(CCN)CCC1,9.420000076293945,10.678889274597168,True,True
Oc1cc(ccc1[N+]([O-])=O)[N+]([O-])=O,5.25,10.678889274597168,True,True
Nc1ncnc2nn[nH]c12,2.7300000190734863,9.741414546966553,True,True
Oc1cc(cc(c1O)[N+]([O-])=O)[N+]([O-])=O,3.319999933242798,10.678889274597168,True,True
OC(=O)CN(CC(O)=O)Cc1occc1,8.399999618530273,10.678889274597168,True,True
CN(CCN1CCNCC1)CCN2CCNCC2,8.649999618530273,10.678889274597168,True,True
CN(C)c1ccccc1C(O)=O,1.600000023841858,10.678889274597168,True,True
CCCC[S](CCCC)[P](O)(O)=S,0.07999999821186066,10.678889274597168,True,True
C[C@H](NC(=O)[C@H](Cc1c[nH]cn1)NC(=O)CNC(=O)CN)C(O)=O,7.869999885559082,10.678889274597168,True,True
C(COCCNCc1c[nH]cn1)NCc2c[nH]cn2,4.659999847412109,9.741414546966553,True,True
CN1CCCN(C)CCN(C)CCCN(C)CC1,9.020000457763672,10.678889274597168,True,True
CC(=O)N(O)c1ccccc1,8.329999923706055,10.678889274597168,True,True
OC(=O)CN(CC(O)=O)c1ccccc1O,2.9800000190734863,10.678889274597168,True,True
ON=Cc1ccccc1O,1.3700000047683716,9.239013671875,True,True
CC(=NO)c1ccccn1,10.869999885559082,9.019770622253418,True,True
OC(=O)CN(CC(O)=O)c1ccc(cc1)N(CC(O)=O)CC(O)=O,4.610000133514404,9.239013671875,True,True
OC(=O)CN(CC(O)=O)Cc1ccccn1,2.680000066757202,9.019770622253418,True,True
OC1C(O)C(OC1CO[P](O)(=O)O[P](O)(=O)O[P](O)(O)=O)N2C=CC(=O)NC2=O,7.579999923706055,6.305516719818115,True,True
OC(=O)CN(CC1CCCCO1)CC(O)=O,9.039999961853027,9.019770622253418,True,True
OC(=O)c1cc(ccc1O)[N+]([O-])=O,1.940000057220459,9.019770622253418,True,True
Nc1cccnc1,6.050000190734863,9.019770622253418,True,True
Oc1c(Br)cc(Br)c2cccnc12,7.300000190734863,9.239013671875,True,True
CN1N(c2ccccc2)C(=O)C(=C1C)N,4.289999961853027,9.019770622253418,True,True
OCc1c[nH]cn1,6.460000038146973,9.019770622253418,True,True
CN1N(C(=O)C(=C1C)NC(C)=O)c2ccccc2,0.5,9.019770622253418,True,True
ON(c1ccccc1)C(=O)c2ccccc2,8.0,9.019770622253418,True,True
C=Cc1ccncc1,5.400000095367432,9.019770622253418,True,True
CCOC(=O)CC[C@H](N)C([O-])=O,9.1899995803833,13.773014068603516,True,True
Sc1cccc2cccnc12,8.170000076293945,13.773014068603516,True,True
OC(=O)CNC(=O)CNC(=O)CN(CC(O)=O)CC(O)=O,3.549999952316284,13.773014068603516,True,True
CCCc1ccccn1,5.96999979019165,13.773014068603516,True,True
Oc1ccc(cc1)C#N,7.96999979019165,13.773014068603516,True,True
s1ccnc1,2.799999952316284,13.773014068603516,True,True
CSCCN(CC(O)=O)CC(O)=O,2.0999999046325684,13.773014068603516,True,True
NCCCC[C@H](NC(=O)[C@@H](N)Cc1c[nH]cn1)C(O)=O,10.09000015258789,13.773014068603516,True,True
CN1CCSCCN(C)CCSCC1,6.03000020980835,13.773014068603516,True,True
CCn1ccnc1,7.210000038146973,13.773014068603516,True,True
NCC(=O)N1CCC[C@H]1C(=O)NCC(=O)N[C@@H](Cc2ccc(O)cc2)C(O)=O,9.979999542236328,13.773014068603516,True,True
NC1=NC(=O)c2ncn(C3OC(CO[P](O)(=O)O[P](O)(O)=O)C(O)C3O)c2N1,2.799999952316284,10.966075897216797,True,True
c1ccncc1,5.239999771118164,13.773014068603516,True,True
CC(C)C[S](CC(C)C)[P](O)(O)=S,0.03999999910593033,13.773014068603516,True,True
CCCCO[P]([O-])(=O)O[P](O)(O)=O,1.2999999523162842,6.815167480044895,True,True
OC(=O)CN(CC(O)=O)c1ccccc1S,6.300000190734863,10.707151412963867,True,True
NCC[SeH],4.900000095367432,10.707151412963867,True,True
NCCCc1cccnc1,10.050000190734863,10.707151412963867,True,True
COC(=O)CN(C)C(=O)CN,8.010000228881836,10.707151412963867,True,True
Cn1c(N)nc2cncnc12,4.619999885559082,9.914474487304688,True,True
C(CNCc1c[nH]cn1)NCc2c[nH]cn2,4.260000228881836,9.914474487304688,True,True
OC(=O)CN(CC(O)=O)c1ccc(cc1)[S](O)(=O)=O,4.539999961853027,10.707151412963867,True,True
CNCCc1ccccn1,9.960000038146973,10.707151412963867,True,True
Cc1ccc(O)c(CN2CCN(CCN(CC2)Cc3nc(C)ccc3O)Cc4nc(C)ccc4O)n1,5.349999904632568,10.707151412963867,True,True
[O-][N+](=O)c1cc2cccnc2c3ncccc13,3.25,9.914474487304688,True,True
OC[C@H]1O[C@H]([C@H](O)[C@@H]1O)n2cnc3cncnc23,2.309999942779541,9.914474487304688,True,True
OC[P](O)(O)=O,7.360000133514404,8.043038010597229,True,True
NCCc1ccncc1,9.369999885559082,11.004627227783203,True,True
Cc1cccc(CN(CC(O)=O)CC(O)=O)n1,3.450000047683716,11.004627227783203,True,True
COC(=O)c1ccccn1,2.2100000381469727,11.004627227783203,True,True
CC1(C)CC(=O)CC(=O)C1,5.230000019073486,9.528585433959961,True,True
OC(=O)[C@H](Cc1c[nH]cn1)NC(=O)CNC(=O)CS,3.4700000286102295,11.004627227783203,True,True
C1N2CN3CN1CN(C2)C3,5.050000190734863,11.004627227783203,True,True
OC(=O)c1cncc(c1)C(O)=O,2.0999999046325684,8.669293562571207,True,True
C(CCCc1ccccn1)CCc2ccccn2,5.610000133514404,9.528585433959961,True,True
Sc1ncnc2nc[nH]c12,6.900000095367432,9.528585433959961,True,True
[H+].[Cl-].CN(C)C(=N)N=C(N)N,2.9600000381469727,9.755440711975098,True,True
O=C1NCCCNCCNCCCNC(=O)C1CCc2ccccn2,9.319999694824219,9.755440711975098,True,True
Nc1ccc(cc1)[P](O)(O)=O,7.840000152587891,8.06054174900055,True,True
CC(C)C(C#N)(C(C)C)C(O)=O,2.555999994277954,9.755440711975098,True,True
COc1ccc(cc1)c2ccc(NN)nn2,5.570000171661377,9.755440711975098,True,True
O[C@H](CO[P](O)(O)=O)[C@@H](O)[C@@H](O)C=O,6.699999809265137,7.620580768585205,True,True
NCC(=O)NCC(=O)NCC(=O)N1CCC[C@H]1C(O)=O,2.9100000858306885,9.755440711975098,True,True
OCC(CO)N(CC(O)=O)CC(O)=O,2.6500000953674316,9.755440711975098,True,True
CC(CN(CC(O)=O)CC(O)=O)N(CC(O)=O)CC(O)=O,6.239999771118164,9.32603406906128,True,True
OC1C(O)C(OC1CO[P](O)(=O)O[P](O)(O)=O)N2C=CC(=O)NC2=O,6.380000114440918,6.692359023623997,True,True
OC(=O)c1ccc(cc1O)[N+]([O-])=O,2.2309999465942383,9.755440711975098,True,True
NCc1ccccn1,2.0299999713897705,9.755440711975098,True,True
CC(=O)N(O)CCCC1NC(=O)C(CCCN(O)C(C)=O)NC1=O,9.4399995803833,9.32603406906128,True,True
OC(=O)Cc1ccncc1,3.0,9.755440711975098,True,True
C1CN(CCN1)c2ccccc2,8.600000381469727,9.755440711975098,True,True
Cc1ccc(c(C)n1)[N+]([O-])=O,2.869999885559082,9.755440711975098,True,True
CO[P]([O-])(=O)O[P](O)(O)=O,1.600000023841858,6.745064417521159,True,True
Cn1nc(C)cc1C,3.9600000381469727,10.910436630249023,True,True
O[PH2]=O,1.100000023841858,8.772786140441895,True,True
Cc1ccc2ccc3ccc(C)nc3c2n1,5.769999980926514,10.910436630249023,True,True
NCC(=O)N1CCC[C@H]1C(=O)N[C@@H](Cc2ccccc2)C(=O)NCC(O)=O,8.289999961853027,10.910436630249023,True,True
C[Se]c1cccc2cccnc12,3.1500000953674316,10.910436630249023,True,True
OCc1ccncc1O,8.949999809265137,10.910436630249023,True,True
ON1C=CC=CC1=O,1.2000000476837158,8.772786140441895,True,True
Cc1ccncn1,2.380000114440918,9.878408908843994,True,True
Oc1ccc(cc1)[As](O)(O)=O,10.239999771118164,10.910436630249023,True,True
ON1CCOCCOCCN(O)C(=O)CCNCCOCCOCCNCCC1=O,7.699999809265137,10.910436630249023,True,True
NCCCN1CCCNCCNCCNCCC1,9.170000076293945,10.910436630249023,True,True
NCc1cccnc1,3.7100000381469727,10.910436630249023,True,True
Oc1c(cc(cc1[N+]([O-])=O)[N+]([O-])=O)[N+]([O-])=O,0.10999999940395355,10.910436630249023,True,True
[SeH]C([Se-])=[Se],1.159999966621399,10.910436630249023,True,True
NCCc1ccccn1,9.84000015258789,10.910436630249023,True,True
NC(=O)CCc1ccccn1,5.090000152587891,10.923782348632812,True,True
OC(=O)c1ccc(cc1)[N+]([O-])=O,3.441999912261963,10.923782348632812,True,True
N[C@@H](CCC(O)=O)C(=O)N1CCC[C@H]1C(=O)N2CCC[C@H]2C(=O)NCC(=O)NCC(O)=O,3.0899999141693115,10.923782348632812,True,True
OC(=O)c1cccc(c1O)[N+]([O-])=O,10.32800006866455,10.923782348632812,True,True
c1cnc2c(c1)ccc3ncccc23,5.130000114440918,9.447604894638062,True,True
CN(C)C1=C(C)N(C)N(c2ccccc2)C1=O,5.059999942779541,8.954851786295572,True,True
OCCCc1ccncc1,5.900000095367432,10.923782348632812,True,True
C1CNCCCNC(CCNC1)c2c[nH]cn2,2.0,10.923782348632812,True,True
NCCN1CCCN(CCN)CC1,6.190000057220459,10.923782348632812,True,True
NCCNCc1ccccn1,9.460000038146973,10.923782348632812,True,True
Nc1ncccc1[N+]([O-])=O,2.4200000762939453,10.923782348632812,True,True
CCN1CCCCC1,10.609999656677246,10.923782348632812,True,True
C(c1ccccn1)c2ccccn2,2.690000057220459,9.720235824584961,True,True
OCCCc1ccccn1,5.610000133514404,11.311393737792969,True,True
NCCSCc1ccccn1,9.279999732971191,11.311393737792969,True,True
Cc1c[nH]cn1,7.800000190734863,11.311393737792969,True,True
Cc1[nH]nnn1,5.320000171661377,11.311393737792969,True,True
OCCN(CCO)c1cc(C(O)=O)c(cc1C(O)=O)N(CCO)CCO,7.900000095367432,9.720235824584961,True,True
NCC(=O)NCC(=O)N[C@@H](Cc1c[nH]cn1)C(O)=O,7.389999866485596,11.311393737792969,True,True
Nc1ncnc2nc[nH]c12,4.329999923706055,9.720235824584961,True,True
C[C@@H](O[P](O)(O)=O)[C@H](N)C(O)=O,2.25,7.734604454040527,True,True
Oc1cccc(c1O)[N+]([O-])=O,6.480000019073486,11.311393737792969,True,True
NCCCCc1ccncc1,5.809999942779541,11.311393737792969,True,True
CN(O)C(=O)c1ccc(cc1)[N+]([O-])=O,7.829999923706055,11.311393737792969,True,True
OC(=O)Cc1ccc(cc1)[N+]([O-])=O,3.8510000705718994,11.311393737792969,True,True
C1CNCCCN(Cc2c[nH]cn2)NC1,4.909999847412109,9.824298858642578,True,True
CC(C)N(Cc1cc(CN(C(C)C)C(=O)c2cc(cc(O)c2O)[S](O)(=O)=O)cc(CN(C(C)C)C(=O)c3cc(cc(O)c3O)[S](O)(=O)=O)c1)C(=O)c4cc(cc(O)c4O)[S](O)(=O)=O,8.609999656677246,8.587010383605957,True,True
NC(=O)CCN(CC(O)=O)CC(O)=O,2.4100000858306885,9.824298858642578,True,True
OC(=O)CN(CC(O)=O)c1cccc(c1)C(O)=O,5.099999904632568,9.824298858642578,True,True
O[P](O)(=O)c1ccc(cc1)[N+]([O-])=O,1.2000000476837158,8.014058828353882,True,True
OC(=O)COc1ccccc1C#N,2.9749999046325684,9.824298858642578,True,True
CC(=O)N(O)c1ccc(I)cc1,8.180000305175781,9.824298858642578,True,True
Cn1cnc2C(=O)NC=Nc12,9.220000267028809,9.824298858642578,True,True
NCCc1c[nH]cn1,9.800000190734863,9.824298858642578,True,True
OC(=O)CN(CC(O)=O)c1cccc(c1)[S](O)(=O)=O,4.789999961853027,9.824298858642578,True,True
NCC(=O)N1CCC[C@H]1C(=O)N2CCC[C@H]2C(=O)NCC(=O)NCC(O)=O,3.2799999713897705,9.824298858642578,True,True
OC(=O)COc1ccc(cc1)[N+]([O-])=O,2.8910000324249268,9.824298858642578,True,True
[nH]1cnc2ncncc12,8.65999984741211,8.587010383605957,True,True
CN(CC(=O)NCC(=O)NCC(O)=O)C(=O)CN,8.279999732971191,13.55510425567627,True,True
NCc1cccc(n1)c2cccc(CN)n2,1.2000000476837158,11.682242393493652,True,True
CCN(CC)C(=O)CN,8.449999809265137,13.55510425567627,True,True
NCCN1CCN(CCN)CC1,5.139999866485596,13.55510425567627,True,True
c1ccnnc1,2.4800000190734863,13.55510425567627,True,True
s1ccc(c1)c2cccnc2,4.809999942779541,13.55510425567627,True,True
Cc1[nH]ccn1,7.860000133514404,13.55510425567627,True,True
NC([P](O)(O)=O)[P](O)(O)=O,5.420000076293945,7.381555676460266,True,True
OC(=O)C[N+]([O-])=O,1.4600000381469727,13.55510425567627,True,True
NC(=O)Cc1ccncc1,5.079999923706055,13.55510425567627,True,True
NCCCC(O)([P](O)(O)=O)[P](O)(O)=O,10.5,7.381555676460266,True,True
CNC(=O)c1cccnc1,3.450000047683716,10.765449523925781,True,True
CC(C)(C)c1ccncc1,6.199999809265137,10.765449523925781,True,True
NCC(=O)NCC(=O)N1CCC[C@H]1C(=O)NCC(=O)NCC(=O)NCC(=O)N2CCC[C@H]2C(=O)NCC(O)=O,3.109999895095825,10.765449523925781,True,True
OCc1[nH]ccn1,7.659999847412109,10.765449523925781,True,True
OCC(O)([P](O)(O)=O)[P](O)(O)=O,7.800000190734863,6.714469373226166,True,True
OC(=O)CN(CC(O)=O)CC(=O)c1sccc1,7.460000038146973,10.765449523925781,True,True
Cn1cc2ccccc2n1,2.0,9.244896650314331,True,True
CCC(CO)(CO)N(CC(O)=O)CC(O)=O,8.510000228881836,10.765449523925781,True,True
CN(CC(O)=O)C(=O)CNC(=O)CNC(=O)CN,7.920000076293945,10.765449523925781,True,True
CC([SeH])CN,10.739999771118164,10.765449523925781,True,True
Cc1ccc(cc1)[S](=O)(=O)NCCN(CC(O)=O)CC(O)=O,7.860000133514404,9.540644645690918,True,True
CN1CCN2CCCNCCCN(CC1)CCN(C)CC2,8.40999984741211,9.540644645690918,True,True
Cc1cccnc1C,6.579999923706055,9.540644645690918,True,True
OCc1cccc(CO)n1,4.389999866485596,9.540644645690918,True,True
Ic1cccnc1,3.4600000381469727,9.540644645690918,True,True
CCCCCCN1C=CC(=O)C(=C1C)O,3.5899999141693115,9.648967266082764,True,True
NCCC[P](O)(O)=O,1.600000023841858,8.160952687263489,True,True
O[P](O)(=O)C(F)(F)[P](O)(O)=O,5.78000020980835,6.916777431964874,True,True
OC(=O)c1cc(cc(c1)[N+]([O-])=O)[N+]([O-])=O,2.680000066757202,9.540644645690918,True,True
O[P](O)(=O)O[P]([O-])(=O)Oc1ccccc1,6.320000171661377,6.751439889272054,True,True
CCc1ccncc1,6.059999942779541,9.540644645690918,True,True
NCCN1CCCC1,6.559999942779541,9.540644645690918,True,True
CSc1[nH]nnn1,4.0,9.540644645690918,True,True
CC[P](O)(O)=O,7.71999979019165,8.160952687263489,True,True
COC(=O)[C@H](Cc1c[nH]cn1)NC(=O)CNC(=O)CN,7.46999979019165,9.664926528930664,True,True
NO[P](O)(=O)C(c1ccccc1)[P](O)(O)=O,8.170000076293945,6.883618116378784,True,True
O=Cc1ccccn1,3.799999952316284,9.664926528930664,True,True
CC(=O)N[C@@H](Cc1c[nH]cn1)C(O)=O,7.019999980926514,9.664926528930664,True,True
OCCCCCc1ccccn1,5.929999828338623,9.664926528930664,True,True
CCc1cnccc1C,6.349999904632568,9.664926528930664,True,True
CN(C)c1ccc(cc1)C(O)=O,2.569999933242798,9.664926528930664,True,True
CC(=O)NCC(=O)NCC(=O)NCC(=O)N[C@@H](Cc1c[nH]cn1)C(O)=O,7.090000152587891,9.664926528930664,True,True
NCC(=O)N1CCC[C@H]1C(=O)N[C@@H](Cc2ccc(O)cc2)C(=O)NCC(O)=O,10.270000457763672,9.664926528930664,True,True
OC(=O)Cc1cccc(CC(O)=O)n1,2.3499999046325684,9.664926528930664,True,True
OC(=O)[C@H](Cc1c[nH]cn1)NC(=O)CS,8.699999809265137,9.664926528930664,True,True
c1ccc(C=Cc2ccccn2)nc1,4.949999809265137,9.159474849700928,True,True
OCCCc1cccnc1,5.570000171661377,9.664926528930664,True,True
OC(=O)CN(CC(O)=O)c1ccc(cc1)C(O)=O,2.309999942779541,9.655603408813477,True,True
Cc1cccc(c1)[P](O)(O)=O,2.0,8.038799166679382,True,True
CCc1[nH]ccn1,7.869999885559082,9.655603408813477,True,True
OC(=O)c1ccccc1N=Nc2cc(c3cccnc3c2O)[S](O)(=O)=O,3.630000114440918,9.655603408813477,True,True
CN1CCCCC1,10.020000457763672,9.655603408813477,True,True
[O-][N+](=O)c1ccc(O[P](O)(O)=O)cc1,5.010000228881836,7.595167350769043,True,True
O[P](O)(=O)CBr,1.2000000476837158,8.038799166679382,True,True
OC(=O)CN(CC(O)=O)c1ccc(c2ccccc12)[S](O)(=O)=O,3.9200000762939453,9.655603408813477,True,True
NCC(=O)N1CCC[C@H]1C(=O)NCC(=O)N2CCC[C@H]2C(=O)N[C@@H](CCC(N)=O)C(O)=O,3.2200000286102295,9.655603408813477,True,True
CN(C)c1ccc(cc1)N=Nc2ccccc2[S](O)(=O)=O,3.5280001163482666,11.237815856933594,True,True
OC(=O)CN(CC(O)=O)c1ccccc1C(O)=O,7.75,11.237815856933594,True,True
C=Cn1ccnc1,5.900000095367432,11.237815856933594,True,True
Oc1ccc2ccccc2c1[N+]([O-])=O,5.659999847412109,11.237815856933594,True,True
[nH]1cccn1,2.609999895095825,11.237815856933594,True,True
Cc1ccnc(N)n1,3.890000104904175,11.237815856933594,True,True
C(CN(Cc1ccccn1)Cc2ccccn2)N(Cc3ccccn3)Cc4ccccn4,7.119999885559082,8.198322534561157,True,True
CC(N)([P](O)(O)=O)[P](O)(O)=O,11.5,6.92111998796463,True,True
CCc1ccc(NC(=O)CN(CC(O)=O)CC(O)=O)c(CC)c1,2.140000104904175,11.237815856933594,True,True
Oc1c(cc(c2cccnc12)[S](O)(=O)=O)N=O,1.809999942779541,11.237815856933594,True,True
Cn1cnc2c(N)ncnc12,4.300000190734863,9.661643505096436,True,True
N[C@@H](CCC(=O)OCc1ccccc1)C([O-])=O,2.059999942779541,11.237815856933594,True,True
O=C1NCCNCCNCCNCCNC(=O)C1CCc2ccccn2,8.630000114440918,10.923782348632812,True,True
NCCCc1ccccn1,10.100000381469727,10.923782348632812,True,True
Cc1cccc(C)n1,6.920000076293945,10.923782348632812,True,True
CC(C)(N)[P](O)(O)=O,10.300000190734863,8.152920484542847,True,True
OC(=O)CNc1cccc2cccnc12,1.899999976158142,8.782716433207193,True,True
c1cncc(c1)c2cccnc2,4.599999904632568,9.487386703491211,True,True
Nc1ccc(cn1)[N+]([O-])=O,2.799999952316284,10.923782348632812,True,True
CC(=O)NCCc1c[nH]cn1,7.119999885559082,10.923782348632812,True,True
CCCC[As](O)(O)=O,9.3100004196167,10.923782348632812,True,True
Cn1cnc2cnc(N)nc12,4.110000133514404,9.847148895263672,True,True
OCc1[nH]c2ccccc2n1,5.28000020980835,9.847148895263672,True,True
Oc1c(cc(c(O)c1[N+]([O-])=O)[N+]([O-])=O)[N+]([O-])=O,0.10000000149011612,9.847148895263672,True,True
NC(=O)CCc1cccnc1,5.210000038146973,9.847148895263672,True,True
NCC(=O)N1CCC[C@H]1C(=O)NCC(=O)NCC(O)=O,8.25,9.847148895263672,True,True
NCC(=O)NCCc1c[nH]cn1,8.039999961853027,9.847148895263672,True,True
OC(=O)CCc1c[nH]cn1,3.8299999237060547,9.847148895263672,True,True
Cn1c(C)nc2c(N)ncnc12,4.510000228881836,9.540046691894531,True,True
COc1ccc(cc1)[P](O)(O)=O,7.659999847412109,8.074601173400879,True,True
CCC[As](O)(O)=O,9.359999656677246,9.847148895263672,True,True
OOc1ccc(O)cc1,9.020000457763672,9.58117643992106,True,True
CC(=O)c1c(C)cc(C)nc1C,5.909999847412109,10.707151412963867,True,True
Cc1ccncc1C,6.46999979019165,10.707151412963867,True,True
N#Cc1cccnc1,1.1699999570846558,10.707151412963867,True,True
Cc1c(C)c2cccnc2c3ncccc13,5.449999809265137,9.769425392150879,True,True
OCCCCc1cccnc1,5.699999809265137,10.707151412963867,True,True
OC(=O)CSc1ccc(cc1)[N+]([O-])=O,2.9800000190734863,10.707151412963867,True,True
C(CCc1ccccn1)Cc2ccccn2,5.269999980926514,9.769425392150879,True,True
[Na+].[Na+].[O-][S](=O)(=O)c1ccc(N\N=C\2C=C(c3cccnc3C2=O)[S]([O-])(=O)=O)c4ccccc14,6.860000133514404,9.769425392150879,True,True
Oc1cccc(c1)C#N,8.569999694824219,10.707151412963867,True,True
c1ccc(nc1)c2ccncc2,4.769999980926514,9.294328689575195,True,True
c1ccc(nc1)c2nc(nc(n2)c3ccccn3)c4ccccn4,2.7300000190734863,7.267701864242554,True,True
c1ccc(cc1)c2ccccn2,4.639999866485596,9.699138641357422,True,True
CCC[N+]([O-])=O,9.0,9.699138641357422,True,True
CN1CCN2CCNCCN(CC1)CCN(C)CC2,9.050000190734863,9.699138641357422,True,True
OC(=O)c1cnccn1,2.819999933242798,9.699138641357422,True,True
Brc1cc2cccnc2c3ncccc13,4.090000152587891,9.294328689575195,True,True
CN1CCCNCCNCCCNCC1,2.5999999046325684,9.699138641357422,True,True
O=C1C=CNC=C1,3.5199999809265137,9.970974445343018,True,True
CC(=O)c1ccncc1,3.509999990463257,11.27431869506836,True,True
ON=Cc1cccnc1,4.139999866485596,11.27431869506836,True,True
O[P](O)(=O)C1CCCCN1,11.3100004196167,8.289085149765015,True,True
Cc1cccnc1N,7.079999923706055,11.27431869506836,True,True
NCC#N,5.150000095367432,11.27431869506836,True,True
Cc1cc[nH]n1,3.440000057220459,11.27431869506836,True,True
Cn1cc(C)c(C)n1,3.559999942779541,9.003765106201172,True,True
Cc1ccc(c(C)n1)[S](O)(=O)=O,4.800000190734863,9.571664810180664,True,True
Cc1cccnc1,5.71999979019165,9.571664810180664,True,True
COc1ccccc1[As](O)(O)=O,4.079999923706055,9.571664810180664,True,True
CCOC(=O)NCCN(CC(O)=O)CC(O)=O,2.200000047683716,9.571664810180664,True,True
NCc1ccc(cc1)C#N,8.609999656677246,9.571664810180664,True,True
NC(=O)CCc1ccncc1,5.579999923706055,9.571664810180664,True,True
NCCCCCc1ccncc1,10.300000190734863,9.571664810180664,True,True
OCCSCCc1ccccn1,5.28000020980835,11.355127334594727,True,True
O=Cc1cccc(C=O)n1,2.130000114440918,11.355127334594727,True,True
CN1CCNCC1,9.319999694824219,11.355127334594727,True,True
c1ccc2ncccc2c1,4.96999979019165,11.355127334594727,True,True
N[C@@H](Cc1c[nH]cn1)C(=O)NCC(O)=O,7.599999904632568,11.355127334594727,True,True
CCC[As](O)(=O)CCC,1.600000023841858,11.355127334594727,True,True
CCN1C=CC(=O)C(=C1C)O,9.8100004196167,10.115236282348633,True,True
O=C1NC=CC=C1,9.5,10.055193424224854,True,True
CCN(CCO)c1ccccc1C(O)=O,8.989999771118164,12.071307182312012,True,True
CN1CCNCCN(C)CCN(C)CCN(C)CCNCC1,9.75,12.071307182312012,True,True
Cc1cncc(C)c1,6.389999866485596,12.071307182312012,True,True
CN(CC(O)=O)C(=O)CNC(=O)CN,7.980000019073486,12.071307182312012,True,True
OCC(C(O)c1ccccc1)N(CC(O)=O)CC(O)=O,2.5199999809265137,12.071307182312012,True,True
c1cnc2ccc3ncccc3c2c1,4.0,10.055193424224854,True,True
NCCc1[nH]ccn1,9.270000457763672,12.071307182312012,True,True
Oc1cccc(c1)[N+]([O-])=O,8.199999809265137,12.071307182312012,True,True
NC1(CCCC1)[P](O)(O)=O,10.170000076293945,7.760441064834595,True,True
CN1N(c2ccccc2)C(=O)C(=C1C)O,1.5,9.571664810180664,True,True
NCCCc1ccncc1,5.510000228881836,9.571664810180664,True,True
CCCCCC[As](O)(O)=O,9.40999984741211,9.571664810180664,True,True
COCc1cc(C)nc(N)c1CN,5.78000020980835,9.571664810180664,True,True
CCNc1scnn1,3.009999990463257,9.571664810180664,True,True
CC(O)Cc1ccccn1,5.480000019073486,9.571664810180664,True,True
Cc1cc(C)nc(C)c1,7.21999979019165,9.571664810180664,True,True
Cc1scc(C)n1,4.019999980926514,9.571664810180664,True,True
ON(C(=O)C=Cc1ccccc1)c2ccccc2,8.8100004196167,9.571664810180664,True,True
OC(=O)c1ccncc1C(O)=O,0.6000000238418579,9.688421249389648,True,True
Cc1ccccc1[P](O)(O)=O,2.0799999237060547,7.886357307434082,True,True
NC(=O)c1cccnc1,3.3499999046325684,9.688421249389648,True,True
OC(CN(CC(O)=O)CC(O)=O)c1ccccc1,3.1700000762939453,9.688421249389648,True,True
CCc1ccc(C)nc1,6.429999828338623,9.688421249389648,True,True
NCC(=O)N1CCC[C@H]1C(=O)NCC(=O)N2CCC[C@H]2C(=O)N[C@@H](CCC(O)=O)C(O)=O,8.529999732971191,9.688421249389648,True,True
C[P](O)(O)=O,8.0,7.886357307434082,True,True
CC[C@H]1[C@H](COC1=O)Cc2cncn2C,6.980000019073486,9.943253517150879,True,True
Nc1cccnc1[N+]([O-])=O,0.0,11.724964141845703,True,True
Cc1ccc2ccc3cccnc3c2n1,5.300000190734863,9.943253517150879,True,True
C1CNCCCN(Cc2cc[nH]n2)NC1,6.730000019073486,11.724964141845703,True,True
NCCc1c[nH]c(S)n1,11.619999885559082,11.724964141845703,True,True
O[S](=O)(=O)CCN1CCN(CC1)CC[S](O)(=O)=O,6.929999828338623,11.724964141845703,True,True
Oc1ccc(cc1[N+]([O-])=O)[N+]([O-])=O,4.113999843597412,11.724964141845703,True,True
C[As](O)(O)=O,4.190000057220459,11.724964141845703,True,True
O[P](O)(=O)[P](O)(O)=O,9.479999542236328,6.994197189807892,True,True
CC(C)([SeH])CN,5.099999904632568,11.724964141845703,True,True
NCCCN1CCN(CCCN)CC1,9.279999732971191,13.787566184997559,True,True
NCCCSCCc1ccccn1,10.029999732971191,13.787566184997559,True,True
CC(C)c1[nH]ccn1,7.769999980926514,13.787566184997559,True,True
NC(=O)CCCc1cccnc1,5.329999923706055,13.787566184997559,True,True
[O-][NH+]1CCCNCCNC(=O)C(CCc2ccccn2)C(=O)NCC1,5.21999979019165,13.787566184997559,True,True
OC(=O)CNCc1ccccn1,2.190000057220459,13.787566184997559,True,True
Oc1cc(cc(c1)[N+]([O-])=O)[N+]([O-])=O,6.73199987411499,9.605533599853516,True,True
OC(=O)CN(CC(O)=O)CC(=O)Nc1ccccc1,2.069999933242798,9.605533599853516,True,True
OCCCCc1ccncc1,6.010000228881836,9.605533599853516,True,True
CC(=O)NCC(=O)N[C@@H](Cc1c[nH]cn1)C(=O)NCC(O)=O,3.130000114440918,10.087529182434082,True,True
CN(CC(=O)NCC(O)=O)C(=O)CNC(=O)CN,7.96999979019165,10.087529182434082,True,True
NC(=O)[C@@H]1CCCN1C(=O)[C@H](Cc2c[nH]cn2)NC(=O)[C@@H]3CCC(=O)N3,6.380000114440918,10.087529182434082,True,True
Cn1c(C)nc2ccccc12,6.619999885559082,10.087529182434082,True,True
N[C@@H](Cc1c[nH]cn1)C(=O)N[C@@H](Cc2c[nH]cn2)C(O)=O,6.699999809265137,10.087529182434082,True,True
CNC(=O)[C@H](Cc1c[nH]cn1)NC(=O)CNC(=O)CN,6.329999923706055,9.745450019836426,True,True
Cn1cnc2ccccc12,5.559999942779541,9.745450019836426,True,True
Cc1nsc(N)n1,2.5,9.745450019836426,True,True
OC(=O)CSCCN(CC(O)=O)CC(O)=O,2.0,9.745450019836426,True,True
CN1CCN2CCN(C)CCN(CC1)CCN(C)CC2,11.800000190734863,9.745450019836426,True,True
CN(O)C(=O)c1ccccc1,8.170000076293945,9.745450019836426,True,True
OCCN(CC(O)=O)c1ccccc1C(O)=O,7.730000019073486,9.745450019836426,True,True
CSc1cccc2cccnc12,3.4200000762939453,9.745450019836426,True,True
CC[N+]([O-])=O,8.569999694824219,9.745450019836426,True,True
CC(=O)NCC(=O)NCC(=O)N[C@@H](Cc1c[nH]cn1)C(O)=O,2.9600000381469727,9.745450019836426,True,True
CN1CCN(C)CC1,4.179999828338623,9.745450019836426,True,True
Sc1ccc(c2ccccc2)c3cccnc13,8.300000190734863,10.639378547668457,True,True
Brc1cccnc1,3.0799999237060547,10.639378547668457,True,True
NCCCCc1ccccn1,10.300000190734863,10.639378547668457,True,True
CC(=O)N(O)c1cccc(c1)C(C)=O,8.229999542236328,10.639378547668457,True,True
O[P](O)(=O)c1cccc(c1)[N+]([O-])=O,1.2000000476837158,8.156147599220276,True,True
CCc1sc(N)nn1,3.3499999046325684,9.824727058410645,True,True
OCCN(CCO)Cc1ccccn1,1.2000000476837158,9.824727058410645,True,True
C(CCc1ccccn1)CCc2ccccn2,6.329999923706055,9.385578155517578,True,True
Cn1nc(C)c(C)c1C,4.480000019073486,9.824727058410645,True,True
Oc1ccc(c(O)c1)[As](O)(O)=O,14.300000190734863,9.824727058410645,True,True
Cc1csc(N)n1,5.949999809265137,9.824727058410645,True,True
CN1CCC(S)CC1,8.329999923706055,9.824727058410645,True,True
O=Cc1ccncc1,4.53000020980835,9.824727058410645,True,True
CCOC(=O)CNC(=O)CNC(=O)[C@H](Cc1c[nH]cn1)NC(=O)CNC(=O)CNC(=O)OCc2ccccc2,6.079999923706055,9.824727058410645,True,True
CN1CCNCCNCCN(C)CCNCCNCC1,9.09000015258789,9.019770622253418,True,True
COc1cccc(c1)c2ccc(NN)nn2,5.449999809265137,9.019770622253418,True,True
CC(=O)CC(=O)c1occc1,8.640000343322754,8.613194783528646,True,True
OCc1ccncc1,5.53000020980835,9.019770622253418,True,True
COc1ccccc1c2ccc(NN)nn2,5.400000095367432,9.019770622253418,True,True
CN(CC(O)=O)C(C)=O,3.299999952316284,13.418508529663086,True,True
CO[P](O)(O)=O,6.25,8.893235778808593,True,True
Nc1ccncc1,9.329999923706055,13.418508529663086,True,True
NC(=O)CCCCc1ccccn1,5.730000019073486,13.418508529663086,True,True
CCc1nccn1C=C,6.880000114440918,11.07427453994751,True,True
COc1ccccc1N(CC(O)=O)CC(O)=O,5.579999923706055,9.847148895263672,True,True
CN(C)c1ccc(cc1)[S](O)(=O)=O,3.5999999046325684,9.847148895263672,True,True
CN1CCN2CCCSCCCN(CC1)CCN(C)CC2,8.779999732971191,9.847148895263672,True,True
CNCCc1c[nH]cn1,5.869999885559082,9.847148895263672,True,True
C=Cc1ccccn1,5.039999961853027,9.847148895263672,True,True
Brc1ccccn1,0.699999988079071,9.847148895263672,True,True
O=C(CC(=O)c1occc1)c2occc2,8.149999618530273,8.070899963378906,True,True
Cn1c(CO)nc2ccccc12,5.429999828338623,9.655603408813477,True,True
Cc1ccc(C)nc1,6.420000076293945,9.655603408813477,True,True
s1ccc(c1)c2ccncc2,5.599999904632568,9.655603408813477,True,True
CC(=O)N(Cc1cc(CN(C(C)=O)C(=O)c2cc(cc(O)c2O)[S](O)(=O)=O)cc(CN(C(C)=O)C(=O)c3cc(cc(O)c3O)[S](O)(=O)=O)c1)C(=O)c4cc(cc(O)c4O)[S](O)(=O)=O,7.699999809265137,8.221570332845053,True,True
Nc1cc[nH]n1,3.950000047683716,9.655603408813477,True,True
OC(=O)c1cccc(c1)[N+]([O-])=O,3.2799999713897705,9.655603408813477,True,True
Nc1cccc(c1)[P](O)(O)=O,4.5,7.735482692718506,True,True
C[C@H](N)C(=O)N[C@@H](C)C(=O)N1CCC[C@H]1C(=O)N[C@@H](C)C(O)=O,8.199999809265137,9.655603408813477,True,True
C[N+]([O-])=O,10.199999809265137,9.655603408813477,True,True
CC(=O)c1ccccn1,2.6600000858306885,10.797046661376953,True,True
OC(=O)CSc1ccccc1[N+]([O-])=O,2.990000009536743,10.797046661376953,True,True
C1CN2CCC1CC2,11.149999618530273,10.81225299835205,True,True
CC(=O)NCCN(CC(O)=O)CC(O)=O,1.899999976158142,10.797046661376953,True,True
CCc1ccccn1,6.099999904632568,10.797046661376953,True,True
Cc1ccc(cc1C)[P](O)(O)=O,7.71999979019165,8.63017749786377,True,True
OC(=O)CN(CC(O)=O)CC(=O)Nc1ccc(Br)cc1,5.789999961853027,10.797046661376953,True,True
CC(C)(C#N)C(O)=O,2.421999931335449,10.797046661376953,True,True
COc1ccc(cc1)C(=O)N(C)O,8.5600004196167,10.797046661376953,True,True
NCCSCCc1ccccn1,9.350000381469727,10.797046661376953,True,True
COc1ncnc2n(cnc12)[C@@H]3O[C@H](CO)[C@@H](O)[C@H]3O,1.100000023841858,10.81225299835205,True,True
O[C@H]1[C@@H](O)[C@@H](O[C@@H]1CO[P](O)(=O)O[P](O)(O)=O)n2cnc3C(=O)N=CNc23,6.690000057220459,6.8534213701883955,True,True
OC(=O)Cc1ccccn1,5.78000020980835,11.355127334594727,True,True
c1ccc(cc1)c2ccncc2,5.380000114440918,11.355127334594727,True,True
NCCc1cccnc1,9.4399995803833,11.355127334594727,True,True
[O-][N+](=O)c1ccccn1,2.059999942779541,11.355127334594727,True,True
CCOC[P](O)(O)=O,7.019999980926514,8.341700553894043,True,True
s1ccnc1c2ccccn2,2.1700000762939453,11.355127334594727,True,True
C[C@H](N)C(=O)N1CCC[C@H]1C(O)=O,8.399999618530273,11.355127334594727,True,True
OC(=O)c1cc(Nc2ccccc2)cc(n1)C(O)=O,1.399999976158142,11.355127334594727,True,True
NC(=O)C(=O)NCc1ccccn1,4.199999809265137,11.355127334594727,True,True
Cc1sc(N)nn1,3.200000047683716,10.707151412963867,True,True
NCC(=O)N1CCC[C@H]1C(=O)NCC(=O)N[C@@H](Cc2ccccc2)C(O)=O,8.329999923706055,10.707151412963867,True,True
[Cl-].Cc1ncc(C[n+]2csc(CCO)c2C)c(N)n1,4.789999961853027,10.707151412963867,True,True
CN(C)CCc1c[nH]cn1,5.820000171661377,10.707151412963867,True,True
Nc1sccn1,5.570000171661377,10.707151412963867,True,True
Cc1cccc(CN)n1,8.899999618530273,10.707151412963867,True,True
ON1CCCCCNC(=O)CCC(=O)N(O)CCCCCNC(=O)CCC(=O)N(O)CCCCCNC(=O)CCC1=O,9.420000076293945,10.707151412963867,True,True
Cc1[nH]cc(C)n1,8.369999885559082,10.707151412963867,True,True
c1ccc(nc1)c2cccnc2,4.420000076293945,9.969600677490234,True,True
CC(=O)N(O)c1cccc(I)c1,8.199999809265137,13.773014068603516,True,True
OC(=O)Cc1ccc(cc1[N+]([O-])=O)[N+]([O-])=O,3.502000093460083,13.773014068603516,True,True
Cc1cccc(n1)C(O)=O,1.2000000476837158,13.773014068603516,True,True
NNc1ccccn1,7.239999771118164,13.773014068603516,True,True
s1cnc(c1)c2ccccn2,4.050000190734863,11.911946296691895,True,True
Cn1cccn1,2.0399999618530273,9.843407392501831,True,True
c1cc(ccn1)C=Cc2ccncc2,5.650000095367432,9.843407392501831,True,True
[nH]1cnc2cccnc12,4.099999904632568,11.911946296691895,True,True
Cn1cncc1CC(NC(=O)CCN)C(O)=O,9.329999923706055,11.911946296691895,True,True
NCC(=O)NCC(=O)NCC(=O)N[C@@H](Cc1c[nH]cn1)C(O)=O,6.730000019073486,11.911946296691895,True,True
Cn1cnc2cncnc12,2.7699999809265137,11.911946296691895,True,True
CC(=O)NCC(=O)N[C@@H](Cc1c[nH]cn1)C(O)=O,2.869999885559082,9.885108947753906,True,True
NC(=O)[C@@H]1CCCN1C(=O)[C@@H](Cc2c[nH]cn2)NC(=O)[C@@H]3CCC(=O)N3,6.150000095367432,9.885108947753906,True,True
CC(CO)(CO)N(CC(O)=O)CC(O)=O,8.449999809265137,9.885108947753906,True,True
N#CCc1cccnc1,4.059999942779541,9.885108947753906,True,True
Cc1nccn1C=C,7.090000152587891,9.921928405761719,True,True
C1CN(CCN1)CCNCCN2CCNCC2,2.140000104904175,10.937023162841797,True,True
NC(=O)CCCCc1ccncc1,5.920000076293945,10.937023162841797,True,True
OC(=O)C[Se]c1ccccc1[N+]([O-])=O,3.309999942779541,10.151472091674805,True,True
COc1ccc(c(OC)c1)[As](O)(O)=O,9.550000190734863,10.151472091674805,True,True
CCc1[nH]cc(C)n1,8.520000457763672,10.151472091674805,True,True
Cc1cc(cc(C)n1)[N+]([O-])=O,3.1500000953674316,10.151472091674805,True,True
Nc1ccc(Br)cn1,4.909999847412109,10.151472091674805,True,True
Oc1cc(cc2cc(cc(N=Nc3cc(c4cccnc4c3O)[S](O)(=O)=O)c12)[S](O)(=O)=O)[S](O)(=O)=O,8.329999923706055,10.151472091674805,True,True
Cn1cnc2ncnc(N)c12,4.130000114440918,9.456524848937988,True,True
NC(=O)c1ccncc1,3.609999895095825,10.151472091674805,True,True
CCOC(=O)[C@@H](N)CCC([O-])=O,7.840000152587891,11.06926155090332,True,True
CON(C)C,3.6500000953674316,11.06926155090332,True,True
CC(C)(C(O)=O)[N+]([O-])=O,1.7000000476837158,11.06926155090332,True,True
CN(C)O,5.199999809265137,11.06926155090332,True,True
CCCC[As](O)(=O)CCCC,6.53000020980835,11.06926155090332,True,True
CSCC[C@H](N)C(=O)N[C@@H](Cc1c[nH]cn1)C(O)=O,6.570000171661377,11.06926155090332,True,True
CCCCn1ccnc1,7.21999979019165,10.707151412963867,True,True
Cn1cnc2c(C)ncnc12,3.4000000953674316,9.430438041687012,True,True
s1cccc1c2ccncc2,5.480000019073486,10.707151412963867,True,True
OCCc1cccnc1,5.380000114440918,10.707151412963867,True,True
OC(=O)Cc1cccnc1,5.579999923706055,10.707151412963867,True,True
C=CCCCc1ccccn1,5.96999979019165,10.923782348632812,True,True
O[P](O)(=O)C(Br)Br,5.400000095367432,8.236409664154053,True,True
NCCN1CCCCC1,6.380000114440918,10.923782348632812,True,True
C(Cc1ccccn1)Cc2ccccn2,4.800000190734863,9.497725486755371,True,True
CCN1C=CC(=O)C(=C1CC)O,9.930000305175781,8.574732303619385,True,True
s1cncc1c2ccccn2,2.680000066757202,9.550094604492188,True,True
ONC(=O)c1cccnc1,3.190000057220459,9.550094604492188,True,True
OCCN(CC(O)=O)c1cc(C(O)=O)c(cc1C(O)=O)N(CCO)CC(O)=O,2.680000066757202,8.574732303619385,True,True
C(Cc1ccccn1)c2ccccn2,5.800000190734863,8.574732303619385,True,True
[SeH]c1cccc2cccnc12,8.640000343322754,9.550094604492188,True,True
CCOC(=O)\C=C/C([O-])=O,3.0769999027252197,9.59602165222168,True,True
CC(=O)NCC(=O)N(CC(O)=O)C(=O)[C@@H](N)Cc1cncn1Cc2ccccc2,3.180000066757202,8.876781463623047,True,True
Nc1ccncc1[N+]([O-])=O,5.050000190734863,9.59602165222168,True,True
COC(=O)C[C@H](N)C([O-])=O,8.5,13.456512451171875,True,True
s1cccc1c2ccccn2,3.690000057220459,13.456512451171875,True,True
OCCc1ccccn1,5.309999942779541,13.456512451171875,True,True
CC[As](O)(=O)CC,6.429999828338623,13.456512451171875,True,True
COc1ccc(cc1)[As](O)(O)=O,3.7899999618530273,13.456512451171875,True,True
OC(=O)Cc1cccc(c1)[N+]([O-])=O,3.9670000076293945,13.456512451171875,True,True
Cc1cccc(CO)n1,5.429999828338623,13.456512451171875,True,True
COc1cnccc1C=O,4.449999809265137,13.456512451171875,True,True
CC(=O)CN(CC(O)=O)CC(O)=O,2.619999885559082,13.456512451171875,True,True
CN1CCNCCN(C)CCNCC1,9.40999984741211,9.574798583984375,True,True
[nH]1ccnc1c2ccccn2,5.46999979019165,9.574798583984375,True,True
Nc1scnn1,2.7799999713897705,9.574798583984375,True,True
COC(=O)[C@H](Cc1c[nH]cn1)NC(=O)[C@@H]2CCC(=O)N2,6.340000152587891,9.574798583984375,True,True
OCCNCCc1ccccn1,3.1500000953674316,9.574798583984375,True,True
CCOC(=O)c1cc(C)nc(C)c1,5.269999980926514,9.606249809265137,True,True
Oc1c(cccc1[N+]([O-])=O)[N+]([O-])=O,3.7200000286102295,10.898049354553223,True,True
COc1cccnc1C=O,2.890000104904175,10.898049354553223,True,True
OC(Cc1ccccn1)c2ccccc2,5.199999809265137,10.898049354553223,True,True
Cn1ccnc1C,8.210000038146973,10.898049354553223,True,True
CSc1ncnc2n(cnc12)[C@@H]3O[C@H](CO)[C@@H](O)[C@H]3O,1.100000023841858,9.916773796081543,True,True
CC(=O)Nc1cccnc1,4.570000171661377,10.898049354553223,True,True
[nH]1cnc(c1)c2ccccn2,5.489999771118164,10.926992416381836,True,True
CN1CCN(C)CCN(C)CCN(C)CC1,10.069999694824219,10.926992416381836,True,True
CCSC[P](O)(O)=O,7.059999942779541,8.425386309623718,True,True
OCCc1ccncc1,5.679999828338623,10.926992416381836,True,True
OC(=O)COc1ccccc1[N+]([O-])=O,2.8959999084472656,10.689927101135254,True,True
