smiles,true_pka_pairs,pred_pka_pairs
['CSCC[C@H](NC(=O)CN)C(O)=O'],"[(9, 8.350000381469727), (11, 3.0199999809265137)]","[(9, 9.53492259979248), (11, 2.920497417449951)]"
['OC(=O)c1cc(cc(Br)c1O)[S](O)(=O)=O'],"[(0, 2.0199999809265137), (10, 10.5)]","[(0, 3.1655988693237305), (10, 8.182893753051758)]"
['CC(C)[C@H](N)C(=O)N[C@@H](CCCCN)C(O)=O'],"[(4, 7.46999979019165), (13, 10.0), (15, 3.0999999046325684)]","[(4, 8.198999404907227), (13, 8.95069694519043), (15, 2.886399745941162)]"
['CCc1ccccn1'],"[(7, 6.039999961853027)]","[(7, 5.003772258758545)]"
['CCOC(=O)CNC(=O)CN'],"[(10, 7.730000019073486)]","[(10, 8.649853706359863)]"
['NCCC(N)=O'],"[(0, 9.199999809265137)]","[(0, 9.310301780700684)]"
['OC(=O)Cc1cccc(c1)[N+]([O-])=O'],"[(0, 3.9700000286102295)]","[(0, 3.1655988693237305)]"
['CCOc1ccccc1N'],"[(9, 4.480000019073486)]","[(9, 4.433582782745361)]"
['O=C1CCNCCNC(=O)CC(=O)NCCN1'],"[(4, 8.109999656677246)]","[(4, 9.213379859924316)]"
['NCC(=O)NCC(=O)NCC(O)=O'],"[(0, 8.100000381469727), (11, 3.299999952316284)]","[(0, 8.519584655761719), (11, 3.495173931121826)]"
['OC(=O)COc1ccccc1Br'],"[(0, 3.119999885559082)]","[(0, 3.1655988693237305)]"
['OC(=O)COc1cccc(c1)C#N'],"[(0, 3.0299999713897705)]","[(0, 3.1655988693237305)]"
['N[C@@H](CCC(O)=O)C(=O)N1CCC[C@H]1C(=O)N2CCC[C@H]2C(=O)NCC(=O)NCC(O)=O'],"[(0, 7.96999979019165), (5, 3.0899999141693115), (30, 4.199999809265137)]","[(0, 8.367378234863281), (5, 3.256093740463257), (30, 3.651921033859253)]"
['NCCc1cccc(O)c1'],"[(0, 10.390000343322754), (8, 9.3100004196167)]","[(0, 9.310301780700684), (8, 9.1773042678833)]"
['s1cccc1c2ccccn2'],"[(10, 3.690000057220459)]","[(10, 4.569379806518555)]"
['Ic1cccnc1'],"[(5, 3.3499999046325684)]","[(5, 5.433114051818848)]"
['OC(Cc1ccccn1)c2ccccc2'],"[(8, 5.199999809265137)]","[(8, 5.231541633605957)]"
['Sc1ccccc1Br'],"[(0, 5.659999847412109)]","[(0, 7.101755142211914)]"
['CC(C)C[C@H](N)C(=O)NCC(O)=O'],"[(5, 8.0600004196167), (11, 3.0899999141693115)]","[(5, 8.010261535644531), (11, 3.177447557449341)]"
['Oc1cccc(Br)c1'],"[(0, 8.890000343322754)]","[(0, 7.338939666748047)]"
['CC(=O)CCCC(O)=O'],"[(7, 4.659999847412109)]","[(7, 4.312204360961914)]"
['CC(C)[C@H](N)C(O)=O'],"[(4, 9.550000190734863), (6, 2.2899999618530273)]","[(4, 8.198999404907227), (6, 2.542318344116211)]"
['Cc1ccc(cc1)[S](=O)(=O)NCCN(CC(O)=O)CC(O)=O'],"[(10, 7.860000133514404), (16, 2.1500000953674316)]","[(10, 6.180743217468262), (16, 2.6715431213378906)]"
['NCC=C'],"[(0, 9.520000457763672)]","[(0, 9.034144401550293)]"
['NCCCSCCN'],"[(0, 9.15999984741211), (7, 10.140000343322754)]","[(0, 9.310301780700684), (7, 9.1077241897583)]"
['CC(=O)NO'],"[(4, 9.180000305175781)]","[(4, 9.824295043945312)]"
['NCCCC[C@@H](NC(=O)[C@@H](N)CCCNC(N)=N)C(=O)N[C@@H](CC(O)=O)C(O)=O'],"[(0, 7.389999866485596), (10, 10.449999809265137), (24, 2.7799999713897705), (27, 4.070000171661377)]","[(0, 9.310301780700684), (10, 9.084101676940918), (24, 3.016627788543701), (27, 4.085153102874756)]"
['C[C@H](NC(=O)[C@H](C)NC(=O)[C@H](C)NC(=O)[C@@H]1CCCN1)C(O)=O'],"[(19, 8.369999885559082), (21, 3.0999999046325684)]","[(19, 8.798588752746582), (21, 2.8981926441192627)]"
['CN1N(c2ccccc2)C(=O)C(=C1C)N'],"[(14, 4.230000019073486)]","[(14, 4.2487053871154785)]"
['OC(=O)C(O)(c1ccccc1)c2ccccc2'],"[(0, 2.880000114440918)]","[(0, 3.1655988693237305)]"
['CSc1cccc2cccnc12'],"[(10, 3.4200000762939453)]","[(10, 4.726729393005371)]"
['OC(=O)c1ccc(cc1)C(O)=O'],"[(0, 3.4800000190734863), (10, 4.320000171661377)]","[(0, 3.1655988693237305), (10, 3.5387372970581055)]"
['OC(=O)CCNc1ccccc1'],"[(0, 3.4000000953674316), (5, 9.0)]","[(0, 3.1655988693237305), (5, 9.487284660339355)]"
['OC(=O)c1ccccc1F'],"[(0, 3.4700000286102295)]","[(0, 3.1655988693237305)]"
['NC(=O)CCCc1ccccn1'],"[(11, 5.480000019073486)]","[(11, 6.0549516677856445)]"
['C[C@@H](N)C(=O)N[C@H](C)C(=O)N[C@H](C)C(O)=O'],"[(2, 7.949999809265137), (14, 3.2799999713897705)]","[(2, 8.110479354858398), (14, 3.137354612350464)]"
['Brc1cccnc1'],"[(5, 2.9800000190734863)]","[(5, 5.433114051818848)]"
['CN1CCN(C)CCN(C)CCN(C)CC1'],"[(1, 8.949999809265137), (4, 10.069999694824219)]","[(1, 9.55051040649414), (4, 11.085923194885254)]"
['Oc1ccc(c2cccnc12)[N+]([O-])=O'],"[(0, 2.509999990463257), (9, 6.360000133514404)]","[(0, 7.640803337097168), (9, 4.926594257354736)]"
['N(c1ccccn1)c2ccccn2'],"[(0, 7.079999923706055)]","[(0, 7.5683393478393555)]"
['Oc1cccc(I)c1'],"[(0, 8.890000343322754)]","[(0, 7.338939666748047)]"
['NCCOCCSCCN'],"[(0, 8.680000305175781), (9, 9.609999656677246)]","[(0, 9.310301780700684), (9, 9.427376747131348)]"
['OC(=O)C[Se]c1ccccc1'],"[(0, 3.640000104904175)]","[(0, 3.1655988693237305)]"
['OC(=O)CC(CC(O)=O)C(O)=O'],"[(0, 3.4600000381469727), (7, 4.480000019073486), (10, 5.659999847412109)]","[(0, 3.1655988693237305), (7, 3.6764261722564697), (10, 4.3983154296875)]"
['Cc1ccc(C)nc1'],"[(6, 6.5)]","[(6, 5.258213043212891)]"
['OC(=O)CN(CC(O)=O)c1ccccc1[S](O)(=O)=O'],"[(0, 3.4000000953674316), (7, 6.289999961853027)]","[(0, 3.1655988693237305), (7, 4.087902545928955)]"
['NCC(=O)N1CCC[C@H]1C(=O)NCC(=O)N2CCC[C@H]2C(=O)NCC(O)=O'],"[(0, 8.359999656677246), (25, 3.309999942779541)]","[(0, 8.519584655761719), (25, 3.097073554992676)]"
['NCCCC[C@H](NC(=O)[C@@H]1CCCN1C(=O)CNC(=O)CN)C(O)=O'],"[(0, 8.029999732971191), (21, 9.880000114440918), (23, 3.190000057220459)]","[(0, 9.310301780700684), (21, 9.808467864990234), (23, 3.45436429977417)]"
['CC(C)(O)C(O)=O'],"[(5, 3.8499999046325684)]","[(5, 3.1177642345428467)]"
['C[C@](N)(CCC(O)=O)C(O)=O'],"[(2, 9.720000267028809), (6, 4.050000190734863)]","[(2, 7.900485038757324), (6, 3.79824161529541)]"
['OC(=O)Cc1ccc(cc1)[N+]([O-])=O'],"[(0, 3.8499999046325684)]","[(0, 3.1655988693237305)]"
['CCC[C@H](N)C(O)=O'],"[(4, 9.779999732971191), (6, 2.319999933242798)]","[(4, 8.579490661621094), (6, 2.6205339431762695)]"
['OC(=O)CN(CC(O)=O)c1ccccc1C(O)=O'],"[(0, 2.2699999809265137), (4, 7.739999771118164), (7, 2.990000009536743)]","[(0, 3.1655988693237305), (4, 8.913521766662598), (7, 4.087902545928955)]"
['OC(=O)COc1ccccc1[N+]([O-])=O'],"[(0, 2.9000000953674316)]","[(0, 3.1655988693237305)]"
['O=C1CC(=O)NCCNCCCCCNCCN1'],"[(8, 8.529999732971191), (14, 10.300000190734863)]","[(8, 8.771674156188965), (14, 8.738595962524414)]"
['OCC(O)CO[P](O)(O)=O'],"[(7, 6.150000095367432)]","[(7, 6.387140274047852)]"
['OC(=O)CN(CC(O)=O)c1ccc(cc1)[S](O)(=O)=O'],"[(0, 2.309999942779541), (7, 4.539999961853027)]","[(0, 3.1655988693237305), (7, 4.087902545928955)]"
['OCC1=CC(=O)C(=C(CN2CCOCC2)O1)O'],"[(9, 7.880000114440918), (16, 5.139999866485596)]","[(9, 9.19804859161377), (16, 8.78632926940918)]"
['CN1CCN(C)CCN(C)CC(C)(C)CN(C)CC1'],"[(1, 7.949999809265137), (4, 11.399999618530273)]","[(1, 9.47415828704834), (4, 11.085923194885254)]"
['Cc1cc(cc(C)n1)[N+]([O-])=O'],"[(7, 3.1500000953674316)]","[(7, 5.192532539367676)]"
['CN'],"[(1, 10.710000038146973)]","[(1, 8.950765609741211)]"
['CC1(F)CNCCNCCCNCCNC1'],"[(4, 9.6899995803833), (7, 11.34000015258789)]","[(4, 8.893036842346191), (7, 10.044105529785156)]"
['C[Si](C)(C)c1cccc(c1)C(O)=O'],"[(11, 4.090000152587891)]","[(11, 3.9488096237182617)]"
['CC(C)[C@H](NC(=O)[C@H](CC(O)=O)NC(=O)[C@H](CCCCN)NC(=O)[C@@H](N)CCCNC(N)=N)C(O)=O'],"[(10, 3.0399999618530273), (20, 7.340000152587891), (25, 10.479999542236328), (34, 3.890000104904175)]","[(10, 3.4509873390197754), (20, 8.009631156921387), (25, 9.380148887634277), (34, 4.29869270324707)]"
['N[C@@H](CC(O)=O)C(=O)N[C@@H](CC(O)=O)C(=O)N[C@@H](CC(O)=O)C(O)=O'],"[(0, 8.130000114440918), (4, 1.7999999523162842), (12, 2.0399999618530273), (20, 3.869999885559082), (23, 4.78000020980835)]","[(0, 8.406387329101562), (4, 3.143028974533081), (12, 3.428597927093506), (20, 3.420064926147461), (23, 3.1032142639160156)]"
['NCCN'],"[(0, 7.309999942779541), (3, 10.180000305175781)]","[(0, 9.310301780700684), (3, 9.38233470916748)]"
['CC(=O)c1cccnc1'],"[(7, 3.380000114440918)]","[(7, 4.58832311630249)]"
['CC(CN(CC(O)=O)CC(O)=O)N(CC(O)=O)CC(O)=O'],"[(3, 11.010000228881836), (6, 1.7999999523162842), (10, 2.7899999618530273), (15, 6.28000020980835)]","[(3, 9.079586029052734), (6, 3.4221482276916504), (10, 5.799506664276123), (15, 3.419323682785034)]"
['CCc1ccc(C)nc1'],"[(7, 6.429999828338623)]","[(7, 5.363679885864258)]"
['Cc1cc(C)nc(N)n1'],"[(7, 5.099999904632568)]","[(7, 4.6803059577941895)]"
['CCOC(=O)NCCN(CC(O)=O)CC(O)=O'],"[(8, 8.569999694824219), (11, 2.200000047683716)]","[(8, 8.695053100585938), (11, 4.150955677032471)]"
['NCC(=O)NCC(N)=O'],"[(0, 7.78000020980835)]","[(0, 8.519583702087402)]"
['C[C@H](N)C(=O)N[C@@H](CCC(O)=O)C(=O)N[C@@H](C)C(=O)N[C@@H](C)C(O)=O'],"[(2, 7.900000095367432), (10, 3.180000066757202), (23, 4.070000171661377)]","[(2, 8.166020393371582), (10, 2.639556884765625), (23, 3.6260530948638916)]"
['COc1ccc(cc1)C(O)=O'],"[(9, 4.369999885559082)]","[(9, 3.5387604236602783)]"
['CN1CCNCCN(C)CCNCC1'],"[(4, 9.40999984741211), (11, 10.760000228881836)]","[(4, 10.174921989440918), (11, 9.960888862609863)]"
['CCN1C=CC(=O)C(=C1CC)O'],"[(2, 3.809999942779541), (11, 9.930000305175781)]","[(2, 6.10038948059082), (11, 8.676019668579102)]"
['NCc1ccc(cc1)C(F)(F)F'],"[(0, 8.84000015258789)]","[(0, 8.910391807556152)]"
['CN(C)c1ccc(cc1)N=Nc2ccccc2[S](O)(=O)=O'],"[(18, 3.490000009536743)]","[(18, 1.808387279510498)]"
['[nH]1cnc(c1)c2ccccn2'],"[(10, 5.489999771118164)]","[(10, 4.750155925750732)]"
['ONC1=C(CCCC1)N=O'],"[(0, 10.630000114440918)]","[(0, 8.816069602966309)]"
['COCCN(CC(O)=O)CC(O)=O'],"[(4, 9.050000190734863), (7, 2.2899999618530273)]","[(4, 9.198103904724121), (7, 3.2260541915893555)]"
['Nc1cccc2cccnc12'],"[(0, 3.990000009536743)]","[(0, 4.1334733963012695)]"
['C[C@H](N)C(=O)NCC(=O)NCC(=O)NCC(O)=O'],"[(2, 7.849999904632568), (16, 3.180000066757202)]","[(2, 8.166020393371582), (16, 3.4319357872009277)]"
['Cc1ccc2cccc(O)c2n1'],"[(9, 8.829999923706055), (11, 5.650000095367432)]","[(9, 8.923379898071289), (11, 5.32173490524292)]"
['CCOC(=O)C(N)Cc1ccccc1'],"[(6, 7.119999885559082)]","[(6, 7.758779525756836)]"
['NC(=O)CCc1cccnc1'],"[(9, 5.210000038146973)]","[(9, 5.457953929901123)]"
['Oc1ccc(CC=C)cc1'],"[(0, 10.229999542236328)]","[(0, 7.342338562011719)]"
['OC(=O)CSCCc1ccccc1'],"[(0, 3.799999952316284)]","[(0, 3.1655988693237305)]"
['NC1=NC(=O)c2ncn(C3OC(CO[P](O)(=O)O[P](O)(O)=O)C(O)C3O)c2N1'],"[(15, 2.799999952316284), (19, 6.730000019073486)]","[(15, 5.3488993644714355), (19, 6.072122097015381)]"
['NCCC(=O)NCC(N)=O'],"[(0, 9.140000343322754)]","[(0, 9.310301780700684)]"
['COc1ccc(N)c(N)c1'],"[(6, 5.099999904632568)]","[(6, 4.264273643493652)]"
['O[P](O)(=O)C[P](O)(O)=O'],"[(0, 1.5), (2, 2.609999895095825), (6, 6.909999847412109), (7, 10.279999732971191)]","[(0, 3.552879810333252), (2, 3.552879810333252), (6, 3.9315102100372314), (7, 3.9315102100372314)]"
['NCCc1cccc(CCN)n1'],"[(0, 9.710000038146973), (10, 10.34000015258789), (11, 3.430000066757202)]","[(0, 9.310301780700684), (10, 9.24521541595459), (11, 5.03110408782959)]"
['C[C@H](N)C(=O)N1CCC[C@H]1C(O)=O'],"[(2, 8.399999618530273), (11, 2.9000000953674316)]","[(2, 8.166020393371582), (11, 3.7747387886047363)]"
['CC(C)C(C#N)(C(C)C)C(O)=O'],"[(10, 2.559999942779541)]","[(10, 3.6006698608398438)]"
['CC(C)C[C@H](N)C(=O)N[C@@H](Cc1ccccc1)C(O)=O'],"[(5, 7.679999828338623), (18, 3.180000066757202)]","[(5, 8.010261535644531), (18, 2.795133113861084)]"
['NCC(=O)N[C@@H](CC(N)=O)C(O)=O'],"[(0, 8.239999771118164), (11, 2.990000009536743)]","[(0, 8.519584655761719), (11, 3.2305445671081543)]"
['CN(CC(O)=O)C(C)=O'],"[(4, 3.299999952316284)]","[(4, 3.354827880859375)]"
['CNCC(=O)NCC(O)=O'],"[(1, 8.4399995803833), (8, 3.0)]","[(1, 9.464203834533691), (8, 3.4894537925720215)]"
['CC(C)C[C@H](N)C(=O)N[C@@H](CC(C)C)C(=O)NCC(O)=O'],"[(5, 7.619999885559082), (19, 3.559999942779541)]","[(5, 8.010261535644531), (19, 2.9677515029907227)]"
['OC(C(O)=O)c1ccccc1'],"[(3, 3.2899999618530273)]","[(3, 2.946362018585205)]"
['C[C@H](N)C(=O)N[C@@H](CCCNC(N)=N)C(O)=O'],"[(2, 7.949999809265137), (15, 2.990000009536743)]","[(2, 8.166020393371582), (15, 3.716973304748535)]"
['Sc1ccc(Br)cc1'],"[(0, 6.019999980926514)]","[(0, 7.063838005065918)]"
['NC1(CCCCCC1)C(O)=O'],"[(0, 10.460000038146973), (9, 2.5899999141693115)]","[(0, 8.974668502807617), (9, 3.2561545372009277)]"
['Cc1ccc(C)c(C)n1'],"[(8, 7.440000057220459)]","[(8, 5.558657646179199)]"
['CC(C)C[C@@H](NC(=O)[C@H](CC(C)C)NC(=O)CN)C(O)=O'],"[(17, 8.029999732971191), (19, 3.4200000762939453)]","[(17, 9.285723686218262), (19, 3.5617589950561523)]"
['[O-][N+](=O)c1cc2cccnc2c3ncccc13'],"[(9, 3.240000009536743)]","[(9, 4.010509014129639)]"
['NC1=NC(=O)N(C=C1)[C@@H]2O[C@H](CO)[C@@H](O)[C@H]2O'],"[(0, 4.079999923706055)]","[(0, 4.288083553314209)]"
['OCCN(CC(O)=O)c1ccccc1C(O)=O'],"[(3, 7.730000019073486), (6, 2.4100000858306885)]","[(3, 7.307950019836426), (6, 3.7102084159851074)]"
['CNCCc1ccccn1'],"[(1, 9.960000038146973), (9, 4.019999980926514)]","[(1, 9.464203834533691), (9, 5.43739128112793)]"
['CC(=O)c1ccc(S)cc1'],"[(7, 5.329999923706055)]","[(7, 5.643600940704346)]"
['Cc1cc(O)cc(C)c1[N+]([O-])=O'],"[(4, 8.25)]","[(4, 8.984139442443848)]"
['Cc1cccc(CO)n1'],"[(8, 5.429999828338623)]","[(8, 5.059211730957031)]"
['O=C1CC(=O)NCCCNCCCNCCCN1'],"[(9, 7.929999828338623), (13, 9.579999923706055)]","[(9, 8.723409652709961), (13, 9.414346694946289)]"
['N[C@@H](Cc1ccccc1)C(=O)N[C@@H](Cc2ccccc2)C(=O)N[C@@H](Cc3ccccc3)C(O)=O'],"[(0, 7.130000114440918), (32, 3.5199999809265137)]","[(0, 7.990779399871826), (32, 3.3171234130859375)]"
['CCOC(=O)CCCN'],"[(8, 9.710000038146973)]","[(8, 8.69550609588623)]"
['OC(=O)CC(Nc1ccc(NC(CC(O)=O)C(O)=O)cc1)C(O)=O'],"[(0, 3.0299999713897705), (14, 3.5799999237060547), (17, 4.619999885559082), (22, 6.630000114440918)]","[(0, 3.1655988693237305), (14, 4.189864158630371), (17, 3.4464776515960693), (22, 4.280759334564209)]"
['N[C@@H](CO)C(=O)N[C@@H](CCC(O)=O)C(O)=O'],"[(0, 7.420000076293945), (11, 2.940000057220459), (14, 4.340000152587891)]","[(0, 8.374774932861328), (11, 3.37433123588562), (14, 3.159687042236328)]"
['OC(=O)CN(CC(O)=O)c1cc(ccc1C(O)=O)C(O)=O'],"[(4, 7.539999961853027)]","[(4, 8.913521766662598)]"
['C[C@H](N)C(=O)N[C@@H](Cc1ccccc1)C(O)=O'],"[(2, 7.900000095367432), (15, 3.200000047683716)]","[(2, 8.166020393371582), (15, 3.4145851135253906)]"
['OC(=O)/C=C/C(O)=O'],"[(0, 2.9200000762939453), (6, 4.079999923706055)]","[(0, 3.1655988693237305), (6, 3.9878506660461426)]"
['OC(=O)CC#N'],"[(0, 2.5299999713897705)]","[(0, 3.1655988693237305)]"
['OC(=O)Cc1cccc(I)c1'],"[(0, 4.159999847412109)]","[(0, 3.1655988693237305)]"
['NCC(=O)N1CCC[C@H]1C(=O)NCC(=O)N2CCC[C@H]2C(=O)N[C@@H](CCC(N)=O)C(O)=O'],"[(0, 8.289999961853027), (30, 3.2200000286102295)]","[(0, 8.519584655761719), (30, 3.676988124847412)]"
['OC(=O)CC1(CCCC1)CC(O)=O'],"[(0, 3.7799999713897705), (11, 6.590000152587891)]","[(0, 3.1655988693237305), (11, 3.920034408569336)]"
['C(CN(Cc1ccccn1)Cc2ccccn2)N(Cc3ccccn3)Cc4ccccn4'],"[(2, 7.119999885559082), (9, 2.880000114440918), (16, 3.299999952316284), (24, 4.809999942779541)]","[(2, 8.838959693908691), (9, 5.254948616027832), (16, 5.710803985595703), (24, 4.903033256530762)]"
['Nc1ncnc2nc[nH]c12'],"[(0, 4.260000228881836)]","[(0, 4.251532077789307)]"
['OCC(C(O)c1ccccc1)N(CC(O)=O)CC(O)=O'],"[(11, 8.640000343322754), (14, 2.5199999809265137)]","[(11, 9.055088996887207), (14, 6.087152481079102)]"
['COC(=O)CCCN'],"[(7, 9.84000015258789)]","[(7, 9.242488861083984)]"
['OCCCCCc1cccnc1'],"[(10, 5.71999979019165)]","[(10, 5.373091697692871)]"
['OC(=O)c1c(C(O)=O)c(C(O)=O)c(C(O)=O)c(C(O)=O)c1C(O)=O'],"[(0, 0.8700000047683716), (6, 1.9900000095367432), (10, 2.950000047683716), (14, 4.539999961853027), (18, 5.389999866485596), (22, 6.510000228881836)]","[(0, 3.1655988693237305), (6, 3.9902215003967285), (10, 5.379561901092529), (14, 3.6460089683532715), (18, 3.4998950958251953), (22, 3.6720056533813477)]"
['Oc1cccc2ccccc12'],"[(0, 9.170000076293945)]","[(0, 7.640803337097168)]"
['OC(=O)c1cccc(I)c1'],"[(0, 3.8499999046325684)]","[(0, 3.1655988693237305)]"
['OC(=O)c1ccc(nc1)C(O)=O'],"[(0, 2.299999952316284), (7, 4.739999771118164)]","[(0, 3.1655988693237305), (7, 4.498027324676514)]"
['NC(=O)Cc1ccncc1'],"[(7, 5.079999923706055)]","[(7, 4.88535737991333)]"
['OC(=O)CSCCCSCC(O)=O'],"[(0, 3.369999885559082), (11, 4.070000171661377)]","[(0, 3.1655988693237305), (11, 3.687751531600952)]"
['c1ccc2ncccc2c1'],"[(4, 4.889999866485596)]","[(4, 4.988368034362793)]"
['Nc1ncnc2n(cnc12)[C@@H]3O[C@H](CO)[C@@H](O)[C@H]3O'],"[(0, 3.5999999046325684)]","[(0, 4.251532077789307)]"
['NCCCCC(O)=O'],"[(0, 10.680000305175781), (6, 4.25)]","[(0, 9.310301780700684), (6, 3.5688424110412598)]"
['OC1C(O)C(OC1CO[P](O)(=O)O[P](O)(=O)O[P](O)(O)=O)N2C=CC(=O)NC2=O'],"[(10, 1.899999976158142), (14, 6.940000057220459)]","[(10, 1.7298349142074585), (14, 6.864843368530273)]"
['CCC(O)(CC)C(O)=O'],"[(7, 3.680000066757202)]","[(7, 3.443145513534546)]"
['CSCC[C@H](NC(=O)[C@@H](N)Cc1ccccc1)C(O)=O'],"[(9, 7.269999980926514), (18, 3.240000009536743)]","[(9, 8.849190711975098), (18, 3.5028395652770996)]"
['Cn1cnc2N=CNC(=O)c12'],"[(1, 9.069999694824219)]","[(1, 7.401108264923096)]"
['CO[P]([O-])(=O)O[P](O)(O)=O'],"[(7, 1.600000023841858), (8, 6.369999885559082)]","[(7, 6.575190544128418), (8, 6.575190544128418)]"
['NCCC(=O)NCC(=O)NCC(O)=O'],"[(0, 9.25), (12, 3.190000057220459)]","[(0, 9.310301780700684), (12, 3.8956544399261475)]"
['CCCCCCN'],"[(6, 10.640000343322754)]","[(6, 9.38233470916748)]"
['c1ccc(nc1)c2cccnc2'],"[(4, 4.420000076293945)]","[(4, 4.879214286804199)]"
['Nc1ccc(C(O)=O)c2ccccc12'],"[(0, 4.840000152587891), (6, 2.0)]","[(0, 4.33433723449707), (6, 3.310487747192383)]"
['CC(=O)NC(Cc1ccc(O)cc1)C(O)=O'],"[(10, 9.880000114440918)]","[(10, 9.192319869995117)]"
['NCCc1ccc(O)cc1'],"[(0, 10.5), (7, 9.399999618530273)]","[(0, 9.310301780700684), (7, 9.42801570892334)]"
['Oc1ccccc1Br'],"[(0, 8.329999923706055)]","[(0, 7.3317413330078125)]"
['N[C@@H](Cc1ccc(O)cc1)C(=O)N[C@H](Cc2ccccc2)C(O)=O'],"[(0, 7.659999847412109), (7, 9.989999771118164), (22, 2.859999895095825)]","[(0, 7.916197776794434), (7, 9.458029747009277), (22, 3.074000835418701)]"
['OC(=O)CCI'],"[(0, 3.9800000190734863)]","[(0, 3.1655988693237305)]"
['NCCC(=O)NO'],"[(0, 8.34000015258789), (6, 9.609999656677246)]","[(0, 9.310301780700684), (6, 10.499238014221191)]"
['C[C@H](N)C(=O)N[C@@H](C)C(=O)N[C@@H](CC(O)=O)C(=O)N[C@@H](C)C(O)=O'],"[(2, 8.289999961853027), (14, 3.2899999618530273), (22, 4.21999979019165)]","[(2, 8.166020393371582), (14, 3.1688761711120605), (22, 3.287252187728882)]"
['CC(=O)CC(O)=O'],"[(5, 3.609999895095825)]","[(5, 4.073361396789551)]"
['NCC[S](O)(=O)=O'],"[(0, 8.979999542236328), (4, 0.33000001311302185)]","[(0, 9.310301780700684), (4, 1.3973040580749512)]"
['OC(=O)Cc1ccccc1I'],"[(0, 4.039999961853027)]","[(0, 3.1655988693237305)]"
['CC(=O)NCC(=O)NCC(=O)N[C@@H](Cc1c[nH]cn1)C(O)=O'],"[(18, 7.059999942779541), (20, 2.9600000381469727)]","[(18, 5.913763046264648), (20, 3.451218605041504)]"
['OC(=O)CSc1ccc(Br)cc1'],"[(0, 3.2200000286102295)]","[(0, 3.1655988693237305)]"
['Cc1ccc(CN)cc1'],"[(6, 9.510000228881836)]","[(6, 9.032828330993652)]"
['OCCN(CCC(O)=O)CCC(O)=O'],"[(3, 8.90999984741211), (7, 3.930000066757202)]","[(3, 9.163830757141113), (7, 3.5821313858032227)]"
['NCCCCCN'],"[(0, 9.930000305175781), (6, 10.960000038146973)]","[(0, 9.310301780700684), (6, 9.38233470916748)]"
['NC1(CCCC1)C(O)=O'],"[(0, 10.3100004196167), (7, 2.4000000953674316)]","[(0, 9.579108238220215), (7, 3.2561545372009277)]"
['Oc1ccc2ccc(cc2c1)[S](O)(=O)=O'],"[(0, 9.050000190734863)]","[(0, 7.338939666748047)]"
['CC(C)S'],"[(3, 10.859999656677246)]","[(3, 7.6095871925354)]"
['NCC(=O)NCC(=O)NCC(=O)N1CCC[C@H]1C(O)=O'],"[(0, 8.039999961853027), (18, 2.9100000858306885)]","[(0, 8.519584655761719), (18, 3.522071361541748)]"
['OC(=O)c1ccc(Oc2ccccc2)cc1'],"[(0, 4.519999980926514)]","[(0, 3.1655988693237305)]"
['Cc1cc(Br)cc(C)n1'],"[(8, 5.409999847412109)]","[(8, 4.238743305206299)]"
['Cc1cccc(OCC(O)=O)c1'],"[(9, 3.200000047683716)]","[(9, 3.417375326156616)]"
['NCCCC[C@H](N)C(=O)N[C@@H](Cc1ccc(O)cc1)C(O)=O'],"[(0, 7.46999979019165), (6, 11.0600004196167), (16, 9.789999961853027), (20, 3.0199999809265137)]","[(0, 9.310301780700684), (6, 9.108977317810059), (16, 9.113245964050293), (20, 2.900041103363037)]"
['Cc1ccc(SCC(O)=O)cc1'],"[(8, 3.3399999141693115)]","[(8, 3.0348620414733887)]"
['O=C1NCCNCCNCCNCCNC(=O)C1CCc2ccccn2'],"[(5, 8.630000114440918), (8, 10.15999984741211)]","[(5, 9.722633361816406), (8, 9.176878929138184)]"
['NCC(=O)NCCC(=O)NCC(O)=O'],"[(0, 8.050000190734863), (12, 3.299999952316284)]","[(0, 8.519584655761719), (12, 3.7934305667877197)]"
['NC1=NC(=O)c2ncn(C3OC(CO[P](O)(=O)O[P](O)(=O)O[P](O)(O)=O)C(O)C3O)c2N1'],"[(15, 2.9100000858306885), (19, 6.789999961853027)]","[(15, 5.128190040588379), (19, 6.267425537109375)]"
['O[C@@H]1CCC[C@@H](C1)C(O)=O'],"[(8, 4.510000228881836)]","[(8, 3.7607202529907227)]"
['OC(=O)CSCCC=C'],"[(0, 3.609999895095825)]","[(0, 3.1655988693237305)]"
['CC[C@H](C)[C@H](NC(=O)[C@H](Cc1ccc(O)cc1)NC(C)=O)C(=O)N[C@@H](Cc2c[nH]cn2)C(O)=O'],"[(14, 9.779999732971191), (30, 7.019999980926514), (32, 2.950000047683716)]","[(14, 9.027125358581543), (30, 3.9676835536956787), (32, 3.3353097438812256)]"
['Cc1ccccc1O'],"[(7, 10.199999809265137)]","[(7, 8.922053337097168)]"
['Cc1cccc(C)c1NC(=O)CN(CC(O)=O)CC(O)=O'],"[(15, 2.1600000858306885), (19, 5.880000114440918)]","[(15, 3.6407899856567383), (19, 3.7123003005981445)]"
['NCCc1c[nH]c2ccc(O)cc12'],"[(0, 11.130000114440918), (10, 9.850000381469727)]","[(0, 9.310301780700684), (10, 8.968873023986816)]"
['OCCCCCc1ccccn1'],"[(11, 5.929999828338623)]","[(11, 5.305658340454102)]"
['OC(=O)[C@@H]1CC[C@H](CC1)C(O)=O'],"[(0, 5.179999828338623)]","[(0, 3.1655988693237305)]"
['OC(=O)C1=C(C(=O)NC(=O)N1)[N+]([O-])=O'],"[(0, 4.829999923706055)]","[(0, 3.1655988693237305)]"
['Oc1cccnc1C=O'],"[(0, 6.949999809265137), (5, 3.4000000953674316)]","[(0, 7.3317413330078125), (5, 5.1765289306640625)]"
['CCCC(CC(O)=O)CC(O)=O'],"[(6, 4.309999942779541), (10, 6.389999866485596)]","[(6, 3.40856671333313), (10, 5.489882946014404)]"
['C[C@H](N)C(=O)N[C@@H](C)C(=O)N[C@@H](C)C(=O)N1CCC[C@H]1C(O)=O'],"[(2, 8.199999809265137), (21, 3.1600000858306885)]","[(2, 8.166020393371582), (21, 2.7287254333496094)]"
['CNCC(=C)CNC'],"[(1, 8.390000343322754), (6, 10.420000076293945)]","[(1, 9.464203834533691), (6, 12.133036613464355)]"
['CSCC[C@H](N)C(=O)N[C@H](CCSC)C(O)=O'],"[(5, 7.590000152587891), (15, 2.9800000190734863)]","[(5, 8.191398620605469), (15, 3.1202704906463623)]"
['C=Cc1ccccn1'],"[(7, 5.010000228881836)]","[(7, 4.866337299346924)]"
['Cn1ccnc1'],"[(1, 7.199999809265137)]","[(1, 7.741837501525879)]"
['NC(C(O)=O)C(O)=O'],"[(0, 9.529999732971191), (3, 1.7999999523162842), (6, 3.130000114440918)]","[(0, 8.644743919372559), (3, 2.946362018585205), (6, 4.463714599609375)]"
['CCCSCCN'],"[(6, 9.449999809265137)]","[(6, 9.484386444091797)]"
['OC(=O)c1ccccn1'],"[(0, 1.190000057220459), (8, 5.449999809265137)]","[(0, 3.1655988693237305), (8, 4.576604843139648)]"
['Brc1cc2cccnc2c3ncccc13'],"[(7, 4.090000152587891)]","[(7, 5.1821794509887695)]"
['C[C@H](N)C(=O)NCC(=O)NCC(=O)NCC(=O)NCC(O)=O'],"[(2, 7.860000133514404), (20, 3.380000114440918)]","[(2, 8.166020393371582), (20, 3.6911368370056152)]"
['COc1ccc(O)cc1'],"[(6, 10.09000015258789)]","[(6, 9.175104141235352)]"
['CC[S](O)(=O)=O'],"[(3, 1.6799999475479126)]","[(3, 2.215954542160034)]"
['OC(=O)c1cccc[n+]1[O-]'],"[(8, 3.309999942779541)]","[(8, 4.764775276184082)]"
['N[C@H]1C(O)O[C@H](CO)[C@@H](O)[C@@H]1O'],"[(0, 7.420000076293945)]","[(0, 8.229944229125977)]"
['OC(=O)c1ccc(F)cc1F'],"[(0, 3.440000057220459)]","[(0, 3.1655988693237305)]"
['CC(C)(C)SCCN'],"[(7, 9.34000015258789)]","[(7, 9.303120613098145)]"
['Nc1ccc2c(cccc2C(O)=O)c1'],"[(0, 4.550000190734863), (11, 2.880000114440918)]","[(0, 4.221487998962402), (11, 3.0027899742126465)]"
['COC(=O)CS'],"[(5, 7.989999771118164)]","[(5, 8.12121868133545)]"
['N[C@H]1CCCC[C@H]1C(O)=O'],"[(0, 10.539999961853027), (8, 3.490000009536743)]","[(0, 9.520356178283691), (8, 4.154472827911377)]"
['CCCSCC(O)=O'],"[(6, 3.700000047683716)]","[(6, 3.892482042312622)]"
['OC(=O)C[Se]c1ccc(Br)cc1'],"[(0, 3.5899999141693115)]","[(0, 3.1655988693237305)]"
['Cc1cccc(O)c1'],"[(6, 10.100000381469727)]","[(6, 8.918556213378906)]"
['CC(N)CCN'],"[(2, 8.899999618530273), (5, 10.720000267028809)]","[(2, 8.454468727111816), (5, 9.589695930480957)]"
['CCSC[P](O)(O)=O'],"[(5, 1.7999999523162842), (6, 7.059999942779541)]","[(5, 4.516704559326172), (6, 4.516704559326172)]"
['OC(=O)CN(CCS)CC(O)=O'],"[(0, 2.140000104904175), (4, 10.789999961853027), (7, 8.170000076293945)]","[(0, 3.1655988693237305), (4, 8.317834854125977), (7, 8.584376335144043)]"
['N[C@@H](CO[P](O)(O)=O)C(O)=O'],"[(0, 9.6899995803833), (5, 0.699999988079071), (6, 5.730000019073486), (9, 2.0899999141693115)]","[(0, 8.31457233428955), (5, 5.5773725509643555), (6, 5.5773725509643555), (9, 3.107874870300293)]"
['Cc1cccnc1'],"[(5, 5.730000019073486)]","[(5, 5.433114051818848)]"
['NCCCC[C@H](NC(=O)[C@@H](N)CCCNC(N)=N)C(=O)N[C@@H](CC(O)=O)C(O)=O'],"[(0, 7.440000057220459), (10, 10.489999771118164), (24, 2.7699999809265137), (27, 4.199999809265137)]","[(0, 9.310301780700684), (10, 9.71282958984375), (24, 2.796055316925049), (27, 3.85680890083313)]"
['Sc1ccccc1'],"[(0, 6.5)]","[(0, 7.101755142211914)]"
['OC(=O)CCBr'],"[(0, 3.890000104904175)]","[(0, 3.1655988693237305)]"
['ONC(/c1ccccc1)=C(N=O)\\c2ccccc2'],"[(0, 10.229999542236328)]","[(0, 8.816069602966309)]"
['OCCSCCc1ccccn1'],"[(11, 5.28000020980835)]","[(11, 4.997929573059082)]"
['CC(C)C[C@H](N)C(=O)N[C@H](C)C(O)=O'],"[(5, 8.170000076293945), (12, 2.9800000190734863)]","[(5, 8.010261535644531), (12, 3.180659294128418)]"
['C[C@H](N[S](=O)(=O)c1ccc(C)cc1)C(O)=O'],"[(2, 12.050000190734863), (14, 3.390000104904175)]","[(2, 3.064141273498535), (14, 4.482390880584717)]"
['Cn1cnc2ncnc(N)c12'],"[(9, 4.130000114440918)]","[(9, 3.6689727306365967)]"
['CCSCC(O)=O'],"[(5, 3.619999885559082)]","[(5, 3.557910919189453)]"
['CC(=C/C(O)=O)/C(O)=O'],"[(4, 2.2799999713897705), (7, 5.739999771118164)]","[(4, 4.052073955535889), (7, 4.243168830871582)]"
['Nc1ccc(cc1)[S](O)(=O)=O'],"[(0, 3.180000066757202)]","[(0, 4.2741241455078125)]"
['OC(=O)[C@H](CS)NCCN[C@@H](CS)C(O)=O'],"[(0, 1.7000000476837158), (5, 7.909999847412109), (6, 11.140000343322754), (12, 9.880000114440918), (14, 5.400000095367432)]","[(0, 3.1655988693237305), (5, 8.661454200744629), (6, 8.702249526977539), (12, 8.921488761901855), (14, 3.183497905731201)]"
['COc1cccc(S)c1'],"[(7, 6.380000114440918)]","[(7, 7.084833145141602)]"
['CCNC(=O)CN'],"[(6, 8.1899995803833)]","[(6, 7.914050102233887)]"
['CCCCCN'],"[(5, 10.65999984741211)]","[(5, 9.38233470916748)]"
['c1cc(ccn1)c2ccncc2'],"[(5, 4.670000076293945)]","[(5, 4.9290008544921875)]"
['COc1cnccc1C=O'],"[(4, 4.449999809265137)]","[(4, 4.072213172912598)]"
['NCCCC[C@H](N)C(=O)N[C@@H](CCCCN)C(O)=O'],"[(0, 7.420000076293945), (6, 9.9399995803833), (15, 10.899999618530273), (17, 2.9000000953674316)]","[(0, 9.310301780700684), (6, 9.108977317810059), (15, 9.23877239227295), (17, 3.1323349475860596)]"
['OC(=O)C[N+]([O-])=O'],"[(0, 1.4900000095367432)]","[(0, 3.1655988693237305)]"
['Oc1cc(Br)cc(Br)c1'],"[(0, 8.0600004196167)]","[(0, 7.645652770996094)]"
['C[S](=O)(=O)NCc1ccccn1'],"[(4, 11.220000267028809), (11, 4.300000190734863)]","[(4, 3.0458343029022217), (11, 4.5860700607299805)]"
['N[C@H]1CCC[C@H]1C(O)=O'],"[(0, 10.100000381469727), (7, 3.5399999618530273)]","[(0, 9.520356178283691), (7, 4.172849178314209)]"
['OC1=C(O)C(=O)C(=O)C1=O'],"[(0, 0.5699999928474426), (3, 1.850000023841858)]","[(0, 6.746697425842285), (3, 8.281600952148438)]"
['CCCC[C@H](N)C(=O)NO'],"[(5, 7.329999923706055), (9, 9.140000343322754)]","[(5, 8.815972328186035), (9, 9.044508934020996)]"
['CC(C)CC(NC(=O)[C@H](Cc1ccccc1)NC(=O)[C@H](CC(O)=O)NC(=O)CNC(=O)[C@H](CCC(O)=O)NC(=O)CNC(=O)[C@H](CO)NC(=O)[C@H](CC(O)=O)NC(=O)[C@H](C)N)C(=O)N[C@@H](C)C(=O)N[C@@H](CCC(O)=O)C(=O)NCC(=O)NCC(=O)NCC(=O)N[C@@H](C(C)C)C(=O)N[C@@H](CCCNC(N)=N)C(O)=O'],"[(22, 2.5999999046325684), (35, 3.5), (53, 3.619999885559082), (60, 8.399999618530273), (73, 4.309999942779541), (106, 5.03000020980835)]","[(22, 4.185702323913574), (35, 3.25065279006958), (53, 3.975759744644165), (60, 7.871077060699463), (73, 3.407027244567871), (106, 3.125447988510132)]"
['Cc1ncc(CO)c(CN)c1O'],"[(2, 3.380000114440918), (9, 10.600000381469727), (11, 8.050000190734863)]","[(2, 5.388843536376953), (9, 9.166491508483887), (11, 8.804413795471191)]"
['CCCN'],"[(3, 10.649999618530273)]","[(3, 9.38233470916748)]"
['Nc1c(ccc2ccccc12)C(O)=O'],"[(0, 4.960000038146973), (12, 1.0)]","[(0, 4.224001407623291), (12, 3.2504496574401855)]"
['N[C@@H](Cc1ccccc1)C(=O)N[C@@H](Cc2ccc(O)cc2)C(O)=O'],"[(0, 7.230000019073486), (18, 9.989999771118164), (22, 3.25)]","[(0, 7.990779399871826), (18, 9.537519454956055), (22, 2.7840962409973145)]"
['OC(=O)c1[nH]ccc1'],"[(0, 4.369999885559082)]","[(0, 3.1655988693237305)]"
['OC(=O)C=O'],"[(0, 3.059999942779541)]","[(0, 3.1655988693237305)]"
['Nc1cc[nH]n1'],"[(0, 3.950000047683716)]","[(0, 4.221487998962402)]"
['NCC(=O)NC(CO)C(=O)NCC(O)=O'],"[(0, 7.989999771118164), (13, 3.2300000190734863)]","[(0, 8.519584655761719), (13, 3.408750534057617)]"
['N[C@@H](CCCNC(N)=N)C(=O)N1CCC[C@H]1C(=O)NCC(=O)N2CCC[C@H]2C(=O)NCC(O)=O'],"[(0, 7.46999979019165), (32, 3.390000104904175)]","[(0, 8.003670692443848), (32, 3.433260440826416)]"
['CCOC(=O)C(N)CC(C)C'],"[(6, 7.650000095367432)]","[(6, 7.758779525756836)]"
['COc1ccc(cc1)C(=O)NO'],"[(11, 8.649999618530273)]","[(11, 9.01379108428955)]"
['OC(=O)CC(O)=O'],"[(0, 2.700000047683716), (5, 5.269999980926514)]","[(0, 3.1655988693237305), (5, 4.073361396789551)]"
['CC1CCNCC1'],"[(4, 11.079999923706055)]","[(4, 10.257375717163086)]"
['[nH]1cnc2cccnc12'],"[(7, 4.099999904632568)]","[(7, 5.201594352722168)]"
['NCC(=O)N1C[C@H](O)C[C@H]1C(O)=O'],"[(0, 8.369999885559082), (11, 2.799999952316284)]","[(0, 8.519584655761719), (11, 3.2421340942382812)]"
['Oc1ccccc1I'],"[(0, 8.510000228881836)]","[(0, 7.3317413330078125)]"
['N[C@@H](CC(O)=O)C(O)=O'],"[(0, 9.710000038146973), (4, 2.049999952316284), (7, 3.799999952316284)]","[(0, 8.406387329101562), (4, 3.143028974533081), (7, 3.513033866882324)]"
['O=C1NCCNCCNCCNCCNC(=O)C1Cc2cccc3ccccc23'],"[(5, 7.699999809265137), (8, 8.989999771118164)]","[(5, 9.722633361816406), (8, 9.176878929138184)]"
['OC(=O)COc1ccccc1C#N'],"[(0, 2.9800000190734863)]","[(0, 3.1655988693237305)]"
['NCC(=O)NCC(=O)NCCC(O)=O'],"[(0, 7.889999866485596), (12, 4.039999961853027)]","[(0, 8.519584655761719), (12, 3.409766674041748)]"
['CC(=O)OCC(O)=O'],"[(6, 2.809999942779541)]","[(6, 3.7865195274353027)]"
['OC[C@H]1O[C@H]([C@H](O)[C@@H]1O)n2cnc3c(O)ncnc23'],"[(9, 8.699999809265137), (14, 1.100000023841858)]","[(9, 6.934307098388672), (14, 7.855058670043945)]"
['C[C@H](N)C(=O)N[C@@H](CCCCN)C(=O)N[C@@H](C)C(O)=O'],"[(2, 7.539999961853027), (11, 10.1899995803833), (18, 3.0399999618530273)]","[(2, 8.166020393371582), (11, 9.865715980529785), (18, 3.4874074459075928)]"
['Oc1cc(cc(c1)[N+]([O-])=O)[N+]([O-])=O'],"[(0, 6.730000019073486)]","[(0, 7.645652770996094)]"
['s1cccc1c2ccncc2'],"[(8, 5.480000019073486)]","[(8, 4.5458760261535645)]"
['NC(=O)Cc1ccccn1'],"[(9, 4.340000152587891)]","[(9, 4.998464584350586)]"
['NC(=O)CCCCc1ccncc1'],"[(10, 5.920000076293945)]","[(10, 5.274421691894531)]"
['NCCCCCCCCN'],"[(0, 10.270000457763672), (9, 11.079999923706055)]","[(0, 9.310301780700684), (9, 9.38233470916748)]"
['OC(=O)c1ccncc1C(O)=O'],"[(0, 0.6000000238418579), (6, 4.900000095367432), (10, 2.700000047683716)]","[(0, 3.1655988693237305), (6, 3.448723316192627), (10, 3.9845902919769287)]"
['OC(=O)c1cncc(c1)C(O)=O'],"[(0, 1.100000023841858), (5, 4.300000190734863), (10, 2.0999999046325684)]","[(0, 3.1655988693237305), (5, 4.925364971160889), (10, 4.31736421585083)]"
